uf;municipio;populacao_2010_compatibilizada;populacao_2022;crescimento
AM;Manaus;1802014.0;2063689.0;261675.0
DF;Brasília;2572159.0;2817381.0;245222.0
SP;São Paulo;11253503.0;11451999.0;198496.0
SP;Sorocaba;586816.0;723682.0;136866.0
GO;Goiânia;1301912.0;1437366.0;135454.0
RR;Boa Vista;284313.0;413486.0;129173.0
SC;Florianópolis;421240.0;537211.0;115971.0
PA;Parauapebas;153908.0;267836.0;113928.0
MS;Campo Grande;786774.0;898100.0;111326.0
PB;João Pessoa;723515.0;833932.0;110417.0
MG;Uberlândia;604013.0;713224.0;109211.0
ES;Serra;417330.0;520653.0;103323.0
SC;Joinville;515288.0;616317.0;101029.0
MT;Cuiabá;553202.0;650877.0;97675.0
SP;Ribeirão Preto;604682.0;698642.0;93960.0
PE;Petrolina;293962.0;386791.0;92829.0
SP;Praia Grande;262051.0;349935.0;87884.0
SC;Palhoça;137334.0;222598.0;85264.0
MT;Sinop;113099.0;196312.0;83213.0
MA;São José de Ribamar;161937.0;244579.0;82642.0
SC;Itajaí;183373.0;264054.0;80681.0
SP;Barueri;240749.0;316473.0;75724.0
TO;Palmas;228332.0;302692.0;74360.0
SP;Cotia;201150.0;274413.0;73263.0
SP;Jundiaí;370126.0;443221.0;73095.0
SP;Santo André;676407.0;748919.0;72512.0
SP;São José do Rio Preto;408258.0;480393.0;72135.0
GO;Aparecida de Goiânia;455735.0;527796.0;72061.0
SC;Chapecó;183548.0;254785.0;71237.0
GO;Senador Canedo;84433.0;155635.0;71202.0
RJ;Maricá;127397.0;197277.0;69880.0
SP;Guarulhos;1221979.0;1291771.0;69792.0
GO;Valparaíso de Goiás;131105.0;198861.0;67756.0
PR;Fazenda Rio Grande;81675.0;148873.0;67198.0
SP;São José dos Campos;629921.0;697054.0;67133.0
GO;Águas Lindas de Goiás;159386.0;225693.0;66307.0
PR;São José dos Pinhais;264210.0;329628.0;65418.0
BA;Vitória da Conquista;306014.0;370879.0;64865.0
GO;Anápolis;334623.0;398869.0;64246.0
SP;Mogi das Cruzes;387779.0;451505.0;63726.0
PE;Caruaru;314912.0;378048.0;63136.0
SP;Osasco;666740.0;728615.0;61875.0
PR;Cascavel;286177.0;348051.0;61874.0
SC;São José;209804.0;270299.0;60495.0
BA;Feira de Santana;556588.0;616272.0;59684.0
SP;Piracicaba;364571.0;423323.0;58752.0
BA;Camaçari;242970.0;300372.0;57402.0
SP;Campinas;1081862.0;1139047.0;57185.0
PR;Maringá;355432.0;409657.0;54225.0
SP;Indaiatuba;201619.0;255748.0;54129.0
ES;Vila Velha;414586.0;467722.0;53136.0
SC;Blumenau;308943.0;361261.0;52318.0
PA;Santarém;279805.0;331942.0;52137.0
MG;Montes Claros;362148.0;414240.0;52092.0
PI;Teresina;814230.0;866300.0;52070.0
RJ;Rio das Ostras;105680.0;156491.0;50811.0
PA;Canaã dos Carajás;26716.0;77079.0;50363.0
RN;Parnamirim;202456.0;252716.0;50260.0
PR;Londrina;506447.0;555965.0;49518.0
MT;Rondonópolis;195586.0;244911.0;49325.0
GO;Rio Verde;176424.0;225696.0;49272.0
MS;Dourados;195495.0;243367.0;47872.0
BA;Luís Eduardo Magalhães;60105.0;107909.0;47804.0
MT;Várzea Grande;252361.0;300078.0;47717.0
SP;Itaquaquecetuba;321770.0;369275.0;47505.0
PR;Ponta Grossa;311601.0;358371.0;46770.0
SP;Santana de Parnaíba;108813.0;154105.0;45292.0
SP;São Bernardo do Campo;765463.0;810729.0;45266.0
SP;Suzano;262480.0;307429.0;44949.0
AP;Macapá;398204.0;442933.0;44729.0
MT;Sorriso;66354.0;110635.0;44281.0
SP;Hortolândia;192692.0;236641.0;43949.0
MG;Uberaba;295988.0;337836.0;41848.0
BA;Porto Seguro;126581.0;168326.0;41745.0
PE;Paulista;300466.0;342167.0;41701.0
SC;Camboriú;62361.0;103074.0;40713.0
SP;Sumaré;239562.0;279545.0;39983.0
MA;Paço do Lumiar;105695.0;145643.0;39948.0
BA;Lauro de Freitas;163449.0;203331.0;39882.0
RJ;Macaé;206753.0;246391.0;39638.0
BA;Juazeiro;198241.0;237821.0;39580.0
SC;Jaraguá do Sul;143132.0;182660.0;39528.0
MT;Lucas do Rio Verde;45571.0;83798.0;38227.0
GO;Trindade;104496.0;142431.0;37935.0
GO;Goianira;34058.0;71916.0;37858.0
RN;Extremoz;24569.0;61635.0;37066.0
CE;Caucaia;319637.0;355679.0;36042.0
CE;Juazeiro do Norte;250095.0;286120.0;36025.0
RJ;Cabo Frio;186264.0;222161.0;35897.0
SC;Brusque;105503.0;141385.0;35882.0
GO;Cidade Ocidental;55915.0;91767.0;35852.0
SP;Bauru;343937.0;379146.0;35209.0
PB;Campina Grande;384737.0;419379.0;34642.0
GO;Luziânia;174530.0;209129.0;34599.0
SP;Caraguatatuba;100840.0;134873.0;34033.0
PR;Sarandi;84492.0;118455.0;33963.0
SP;Franca;318640.0;352536.0;33896.0
SP;Araraquara;208662.0;242228.0;33566.0
MT;Primavera do Leste;52051.0;85146.0;33095.0
MG;Ribeirão das Neves;296736.0;329794.0;33058.0
SP;São Carlos;221950.0;254857.0;32907.0
PA;Marabá;233669.0;266533.0;32864.0
MG;Betim;379138.0;411846.0;32708.0
PR;Araucária;119123.0;151666.0;32543.0
SP;Taubaté;278686.0;310739.0;32053.0
SP;Atibaia;126603.0;158647.0;32044.0
RO;Porto Velho;428527.0;460434.0;31907.0
MG;Nova Serrana;73699.0;105552.0;31853.0
SE;Aracaju;571149.0;602757.0;31608.0
SP;Itapevi;200769.0;232297.0;31528.0
SE;Nossa Senhora do Socorro;160827.0;192330.0;31503.0
PR;Toledo;119313.0;150470.0;31157.0
SC;Balneário Camboriú;108089.0;139155.0;31066.0
MG;Nova Lima;80998.0;111697.0;30699.0
CE;Itaitinga;34102.0;64650.0;30548.0
MS;Três Lagoas;101786.0;132152.0;30366.0
SC;Itapema;45797.0;75940.0;30143.0
SP;Bragança Paulista;146744.0;176811.0;30067.0
PR;Foz do Iguaçu;256088.0;285415.0;29327.0
SP;Jacareí;211214.0;240275.0;29061.0
SP;Taboão da Serra;244528.0;273542.0;29014.0
SP;Salto;105516.0;134319.0;28803.0
AC;Rio Branco;336038.0;364756.0;28718.0
SP;Cajamar;64114.0;92689.0;28575.0
SP;Paulínia;82146.0;110537.0;28391.0
CE;Eusébio;46033.0;74170.0;28137.0
GO;Caldas Novas;70487.0;98622.0;28135.0
RS;Caxias do Sul;435551.0;463501.0;27950.0
RN;São Gonçalo do Amarante;87962.0;115838.0;27876.0
GO;Catalão;86644.0;114427.0;27783.0
PA;Altamira;99075.0;126279.0;27204.0
PA;Barcarena;99859.0;126650.0;26791.0
SP;Americana;210638.0;237240.0;26602.0
MG;Esmeraldas;59696.0;85598.0;25902.0
SC;Navegantes;60556.0;86401.0;25845.0
PA;Itaituba;97493.0;123314.0;25821.0
PR;Piraquara;92962.0;118730.0;25768.0
SP;Itupeva;44859.0;70616.0;25757.0
ES;Linhares;141141.0;166786.0;25645.0
MA;Imperatriz;247505.0;273110.0;25605.0
SP;Itanhaém;87057.0;112476.0;25419.0
CE;Maracanaú;209098.0;234509.0;25411.0
AL;Maceió;932642.0;957916.0;25274.0
MG;Extrema;28599.0;53482.0;24883.0
MG;Vespasiano;104516.0;129246.0;24730.0
MG;Juiz de Fora;516247.0;540756.0;24509.0
MT;Nova Mutum;31649.0;55839.0;24190.0
PR;Campo Largo;112213.0;136327.0;24114.0
RS;Canoas;323827.0;347657.0;23830.0
GO;Planaltina;81559.0;105031.0;23472.0
AL;Rio Largo;70685.0;93927.0;23242.0
SC;Barra Velha;22386.0;45369.0;22983.0
MG;Lagoa Santa;52520.0;75145.0;22625.0
MA;São Luís;1015329.0;1037775.0;22446.0
MT;Tangará da Serra;84093.0;106434.0;22341.0
BA;Barreiras;137427.0;159734.0;22307.0
PB;Santa Rita;127676.0;149910.0;22234.0
SC;Criciúma;192305.0;214493.0;22188.0
PR;Curitiba;1751907.0;1773718.0;21811.0
MG;Pouso Alegre;130615.0;152217.0;21602.0
RS;Capão da Canoa;42040.0;63594.0;21554.0
RS;Lajeado;72216.0;93646.0;21430.0
RS;Passo Fundo;184826.0;206215.0;21389.0
AL;Arapiraca;213671.0;234696.0;21025.0
SP;Marília;216745.0;237627.0;20882.0
TO;Araguaína;150484.0;171301.0;20817.0
SC;Tijucas;30960.0;51592.0;20632.0
SC;Araquari;24810.0;45283.0;20473.0
AM;Iranduba;40781.0;61163.0;20382.0
SP;Itatiba;101471.0;121590.0;20119.0
MG;Patos de Minas;139206.0;159235.0;20029.0
RO;Vilhena;76202.0;95832.0;19630.0
SP;Valinhos;106793.0;126373.0;19580.0
CE;Horizonte;55187.0;74755.0;19568.0
CE;Barbalha;55523.0;75033.0;19510.0
RJ;Campos dos Goytacazes;464066.0;483540.0;19474.0
PR;Pato Branco;72370.0;91836.0;19466.0
ES;Guarapari;105286.0;124656.0;19370.0
SP;Votorantim;108618.0;127923.0;19305.0
PR;Colombo;212994.0;232212.0;19218.0
PA;Castanhal;173149.0;192256.0;19107.0
MA;Timon;155579.0;174465.0;18886.0
MG;Contagem;602986.0;621863.0;18877.0
SC;Biguaçu;58206.0;76773.0;18567.0
SP;Araçatuba;181579.0;200124.0;18545.0
RS;Bento Gonçalves;104659.0;123151.0;18492.0
SP;Pindamonhangaba;146995.0;165428.0;18433.0
PE;Cabo de Santo Agostinho;185025.0;203440.0;18415.0
MT;Campo Novo do Parecis;27573.0;45899.0;18326.0
PE;Ipojuca;80637.0;98932.0;18295.0
MA;Balsas;83528.0;101767.0;18239.0
MG;Divinópolis;213016.0;231091.0;18075.0
SP;Presidente Prudente;207610.0;225668.0;18058.0
MG;Araxá;93672.0;111691.0;18019.0
RS;Cachoeirinha;118278.0;136258.0;17980.0
SP;Botucatu;127328.0;145155.0;17827.0
GO;Jataí;88006.0;105729.0;17723.0
PR;Francisco Beltrão;78943.0;96666.0;17723.0
MG;Santana do Paraíso;27265.0;44800.0;17535.0
RJ;Araruama;112228.0;129671.0;17443.0
SP;Carapicuíba;369584.0;386984.0;17400.0
GO;Mineiros;52935.0;70081.0;17146.0
PA;Abaetetuba;141100.0;158188.0;17088.0
SP;Sertãozinho;110074.0;126887.0;16813.0
AM;Itacoatiara;86839.0;103598.0;16759.0
PA;Alenquer;52626.0;69377.0;16751.0
SE;São Cristóvão;78864.0;95612.0;16748.0
AM;Manacapuru;85141.0;101883.0;16742.0
SC;Indaial;54854.0;71549.0;16695.0
SP;Tatuí;107326.0;123942.0;16616.0
PR;Almirante Tamandaré;103217.0;119825.0;16608.0
SP;Bertioga;47645.0;64188.0;16543.0
SE;Barra dos Coqueiros;24976.0;41511.0;16535.0
MG;Santa Luzia;202601.0;219132.0;16531.0
SE;Itabaiana;86967.0;103440.0;16473.0
PI;Parnaíba;145705.0;162159.0;16454.0
PR;Umuarama;100670.0;117095.0;16425.0
SP;Mogi Guaçu;137245.0;153658.0;16413.0
SP;São Caetano do Sul;149263.0;165655.0;16392.0
RJ;São Pedro da Aldeia;87820.0;104029.0;16209.0
SC;Itapoá;14763.0;30750.0;15987.0
SP;Limeira;276022.0;291869.0;15847.0
GO;Formosa;100085.0;115901.0;15816.0
GO;Cristalina;46572.0;62337.0;15765.0
SP;Monte Mor;48949.0;64662.0;15713.0
SP;Mongaguá;46293.0;61951.0;15658.0
TO;Porto Nacional;49146.0;64418.0;15272.0
RJ;Saquarema;74293.0;89559.0;15266.0
SP;Rio Claro;186253.0;201418.0;15165.0
MG;Conselheiro Lafaiete;116512.0;131621.0;15109.0
GO;Itumbiara;92876.0;107970.0;15094.0
CE;Itapipoca;116076.0;131123.0;15047.0
SP;Jaguariúna;44311.0;59347.0;15036.0
PR;Arapongas;104150.0;119138.0;14988.0
RS;Santa Cruz do Sul;118374.0;133230.0;14856.0
SP;Louveira;37080.0;51847.0;14767.0
PA;Baião;36882.0;51641.0;14759.0
PR;Guarapuava;167414.0;182093.0;14679.0
SC;Gaspar;57990.0;72570.0;14580.0
ES;São Mateus;109193.0;123752.0;14559.0
AM;Tabatinga;52272.0;66764.0;14492.0
AL;Marechal Deodoro;46018.0;60370.0;14352.0
CE;Sobral;188677.0;203023.0;14346.0
SP;Ubatuba;78801.0;92981.0;14180.0
GO;Goianésia;59549.0;73707.0;14158.0
MS;Ponta Porã;77877.0;92017.0;14140.0
PA;Breves;92860.0;106968.0;14108.0
SP;Itu;154147.0;168240.0;14093.0
PA;Moju;70018.0;84094.0;14076.0
AM;São Gabriel da Cachoeira;37896.0;51795.0;13899.0
PR;Rolândia;57862.0;71670.0;13808.0
MT;Querência;13033.0;26769.0;13736.0
SP;Jarinu;23847.0;37535.0;13688.0
PA;Santa Izabel do Pará;59466.0;73019.0;13553.0
SP;Itapetininga;144377.0;157790.0;13413.0
MG;Varginha;123081.0;136467.0;13386.0
AC;Cruzeiro do Sul;78507.0;91888.0;13381.0
PA;Cametá;120896.0;134184.0;13288.0
AM;Humaitá;44227.0;57473.0;13246.0
SP;Franco da Rocha;131604.0;144849.0;13245.0
MT;Campo Verde;31348.0;44585.0;13237.0
MG;Sete Lagoas;214221.0;227397.0;13176.0
PE;Igarassu;102021.0;115196.0;13175.0
PE;Garanhuns;129408.0;142506.0;13098.0
RN;Macaíba;69173.0;82249.0;13076.0
SC;Concórdia;68625.0;81646.0;13021.0
PE;Serra Talhada;79232.0;92228.0;12996.0
ES;Aracruz;81832.0;94765.0;12933.0
MG;Pará de Minas;84215.0;97139.0;12924.0
SP;Mairiporã;80956.0;93853.0;12897.0
MT;Barra do Garças;56315.0;69210.0;12895.0
SP;Vinhedo;63656.0;76540.0;12884.0
SC;Tubarão;97249.0;110088.0;12839.0
RS;Tramandaí;41585.0;54387.0;12802.0
SP;Boituva;48314.0;61081.0;12767.0
SP;Bady Bassitt;14603.0;27260.0;12657.0
MG;Lavras;92200.0;104761.0;12561.0
PR;Medianeira;41817.0;54369.0;12552.0
BA;Eunápolis;101255.0;113710.0;12455.0
RJ;Armação dos Búzios;27560.0;40006.0;12446.0
CE;Tianguá;69083.0;81506.0;12423.0
SC;Imbituba;40170.0;52579.0;12409.0
PA;Xinguara;40573.0;52893.0;12320.0
MG;Ibirité;158224.0;170537.0;12313.0
MG;Manhuaçu;79574.0;91886.0;12312.0
PR;Campo Mourão;87177.0;99432.0;12255.0
GO;Abadia de Goiás;6891.0;19128.0;12237.0
AM;Tefé;61453.0;73669.0;12216.0
MG;Itaúna;85463.0;97669.0;12206.0
MS;Chapadão do Sul;18815.0;30993.0;12178.0
SP;Araras;118843.0;130866.0;12023.0
BA;Santo Antônio de Jesus;91057.0;103055.0;11998.0
SP;Votuporanga;84692.0;96634.0;11942.0
PA;Benevides;51651.0;63567.0;11916.0
AL;Satuba;12443.0;24278.0;11835.0
SC;Garopaba;18138.0;29959.0;11821.0
SP;Arujá;74905.0;86678.0;11773.0
PR;Mandaguaçu;19781.0;31457.0;11676.0
MA;Grajaú;62234.0;73872.0;11638.0
SC;Porto Belo;16083.0;27688.0;11605.0
SC;Guaramirim;35172.0;46711.0;11539.0
SP;Caçapava;84752.0;96202.0;11450.0
MG;Poços de Caldas;152435.0;163742.0;11307.0
PA;Anapu;20543.0;31850.0;11307.0
SC;Rio do Sul;61297.0;72587.0;11290.0
PA;Muaná;34204.0;45368.0;11164.0
PA;Tomé-Açu;56518.0;67585.0;11067.0
SC;Içara;47982.0;59035.0;11053.0
MG;Sarzedo;25814.0;36844.0;11030.0
MG;Igarapé;34851.0;45847.0;10996.0
RN;Ceará-Mirim;68141.0;79115.0;10974.0
SP;Ferraz de Vasconcelos;168306.0;179198.0;10892.0
MT;Sapezal;18089.0;28944.0;10855.0
SP;Nova Odessa;51242.0;62019.0;10777.0
SC;Bombinhas;14293.0;25058.0;10765.0
RJ;Casimiro de Abreu;35347.0;46110.0;10763.0
CE;São Gonçalo do Amarante;43393.0;54143.0;10750.0
RS;Santa Maria;261032.0;271735.0;10703.0
PE;Santa Cruz do Capibaribe;87582.0;98254.0;10672.0
SP;Francisco Morato;154472.0;165139.0;10667.0
SC;Araranguá;61292.0;71922.0;10630.0
MT;Pontes e Lacerda;41408.0;52018.0;10610.0
MA;Barreirinhas;55029.0;65589.0;10560.0
SP;Embu das Artes;240230.0;250691.0;10461.0
PR;Paranavaí;81590.0;92001.0;10411.0
SP;Barretos;112101.0;122485.0;10384.0
GO;Hidrolândia;17398.0;27742.0;10344.0
PA;Portel;52172.0;62503.0;10331.0
SP;Birigui;108728.0;118979.0;10251.0
PR;Cambé;96987.0;107208.0;10221.0
SP;Tremembé;40984.0;51173.0;10189.0
SC;São Francisco do Sul;42520.0;52674.0;10154.0
SC;Balneário Piçarras;17078.0;27127.0;10049.0
PA;Redenção;75556.0;85597.0;10041.0
PE;Gravatá;76476.0;86516.0;10040.0
PR;Paiçandu;35936.0;45962.0;10026.0
MG;Mateus Leme;27856.0;37841.0;9985.0
PR;Guaratuba;32095.0;42062.0;9967.0
MT;Confresa;25124.0;35075.0;9951.0
CE;Pacatuba;71581.0;81524.0;9943.0
PA;Jacareacanga;14103.0;24042.0;9939.0
PR;Marialva;31959.0;41851.0;9892.0
GO;Morrinhos;41465.0;51351.0;9886.0
SP;Avaré;82934.0;92805.0;9871.0
PA;Bragança;113227.0;123082.0;9855.0
RJ;Resende;119769.0;129612.0;9843.0
GO;Bela Vista de Goiás;24613.0;34445.0;9832.0
PR;Matinhos;29428.0;39259.0;9831.0
CE;Crato;121260.0;131050.0;9790.0
PR;Pinhais;117253.0;127019.0;9766.0
RS;Canela;39227.0;48946.0;9719.0
SP;Jandira;108344.0;118045.0;9701.0
RS;Erechim;96085.0;105705.0;9620.0
BA;Alagoinhas;141463.0;151055.0;9592.0
PR;Cianorte;69958.0;79527.0;9569.0
SP;Mirassol;53792.0;63337.0;9545.0
PA;Senador José Porfírio;13045.0;22576.0;9531.0
PR;Pontal do Paraná;20920.0;30425.0;9505.0
PE;Arcoverde;68253.0;77742.0;9489.0
MT;Alta Floresta;49142.0;58613.0;9471.0
AM;Autazes;32135.0;41564.0;9429.0
BA;Guanambi;78452.0;87817.0;9365.0
GO;Itaberaí;35374.0;44734.0;9360.0
RS;Gravataí;255723.0;265074.0;9351.0
SC;Timbó;36774.0;46099.0;9325.0
MG;Paracatu;84718.0;94023.0;9305.0
PR;Apucarana;120919.0;130134.0;9215.0
RS;Imbé;17670.0;26824.0;9154.0
CE;Pacajus;61838.0;70983.0;9145.0
MG;São Gotardo;31819.0;40910.0;9091.0
ES;Itapemirim;30768.0;39832.0;9064.0
MG;Unaí;77557.0;86619.0;9062.0
PR;Campina Grande do Sul;38769.0;47825.0;9056.0
PA;Brasil Novo;15690.0;24718.0;9028.0
CE;Quixeramobim;73160.0;82177.0;9017.0
PR;Marechal Cândido Rondon;46819.0;55836.0;9017.0
AM;Maués;52236.0;61204.0;8968.0
SP;São João da Boa Vista;83639.0;92547.0;8908.0
GO;Santo Antônio do Descoberto;63233.0;72127.0;8894.0
SC;Forquilhinha;22548.0;31431.0;8883.0
RR;Pacaraima;10433.0;19305.0;8872.0
MG;São Joaquim de Bicas;25537.0;34348.0;8811.0
GO;Novo Gama;94996.0;103804.0;8808.0
AM;Boa Vista do Ramos;14979.0;23785.0;8806.0
MA;Turilândia;22846.0;31638.0;8792.0
RS;Marau;36364.0;45124.0;8760.0
PA;Mojuí dos Campos;14775.0;23501.0;8726.0
SE;Nossa Senhora da Glória;32497.0;41212.0;8715.0
PR;Dois Vizinhos;36179.0;44869.0;8690.0
SP;Várzea Paulista;107089.0;115771.0;8682.0
PI;Picos;74435.0;83090.0;8655.0
PI;Altos;38822.0;47453.0;8631.0
CE;Jijoca de Jericoacoara;16958.0;25555.0;8597.0
SP;Peruíbe;59773.0;68352.0;8579.0
PB;Cabedelo;57944.0;66519.0;8575.0
MG;Juatuba;22170.0;30716.0;8546.0
MS;Costa Rica;17507.0;26037.0;8530.0
SC;Penha;25141.0;33663.0;8522.0
GO;Palmeiras de Goiás;23339.0;31858.0;8519.0
PA;Novo Progresso;25124.0;33638.0;8514.0
SP;Caieiras;86529.0;95032.0;8503.0
ES;Colatina;111537.0;120033.0;8496.0
SC;São Bento do Sul;74796.0;83277.0;8481.0
ES;Viana;65001.0;73423.0;8422.0
BA;Irecê;66117.0;74507.0;8390.0
RS;Santa Rosa;68587.0;76963.0;8376.0
TO;Gurupi;76755.0;85125.0;8370.0
RR;Rorainópolis;24279.0;32647.0;8368.0
MT;Água Boa;20856.0;29219.0;8363.0
PE;São Lourenço da Mata;102889.0;111249.0;8360.0
RO;Cacoal;78574.0;86887.0;8313.0
SC;Lages;156727.0;164981.0;8254.0
SC;Videira;47228.0;55466.0;8238.0
SP;Iperó;28300.0;36459.0;8159.0
RN;Nísia Floresta;23784.0;31942.0;8158.0
CE;Acaraú;57190.0;65264.0;8074.0
MA;Chapadinha;73350.0;81386.0;8036.0
PA;Bagre;23864.0;31892.0;8028.0
SC;São Miguel do Oeste;36306.0;44330.0;8024.0
MG;Araguari;109801.0;117808.0;8007.0
CE;Aquiraz;72652.0;80645.0;7993.0
TO;Paraíso do Tocantins;44417.0;52360.0;7943.0
MG;Itabirito;45452.0;53365.0;7913.0
RJ;Nova Friburgo;182057.0;189939.0;7882.0
AC;Tarauacá;35590.0;43467.0;7877.0
RS;Gramado;32290.0;40134.0;7844.0
ES;Marataízes;34140.0;41929.0;7789.0
AM;Lábrea;37701.0;45448.0;7747.0
PA;Paragominas;97819.0;105550.0;7731.0
RO;Ji-Paraná;116610.0;124333.0;7723.0
GO;Nerópolis;24213.0;31932.0;7719.0
RJ;Paraty;37533.0;45243.0;7710.0
SP;São Sebastião;73942.0;81595.0;7653.0
SP;Jardinópolis;37661.0;45282.0;7621.0
SP;Porto Feliz;48893.0;56497.0;7604.0
GO;Cocalzinho de Goiás;17414.0;25016.0;7602.0
BA;Prado;27413.0;35003.0;7590.0
RN;São José de Mipibu;39698.0;47286.0;7588.0
BA;Jequié;151301.0;158813.0;7512.0
SC;Xanxerê;44128.0;51607.0;7479.0
MS;Maracaju;37594.0;45047.0;7453.0
SC;Santo Amaro da Imperatriz;19823.0;27272.0;7449.0
ES;Santa Maria de Jetibá;34197.0;41636.0;7439.0
SC;Balneário Gaivota;8234.0;15669.0;7435.0
SP;Vargem Grande Paulista;42997.0;50415.0;7418.0
MS;São Gabriel do Oeste;22162.0;29579.0;7417.0
MG;Patrocínio;82471.0;89826.0;7355.0
PA;Salinópolis;37421.0;44772.0;7351.0
GO;Padre Bernardo;27661.0;34967.0;7306.0
SP;Artur Nogueira;44177.0;51456.0;7279.0
AM;Jutaí;17992.0;25172.0;7180.0
PR;Itaperuçu;24044.0;31217.0;7173.0
MG;Mariana;54219.0;61387.0;7168.0
PA;Dom Eliseu;51319.0;58484.0;7165.0
SP;Diadema;386089.0;393237.0;7148.0
BA;Casa Nova;64940.0;72086.0;7146.0
RJ;Seropédica;73463.0;80596.0;7133.0
MT;Canarana;18754.0;25858.0;7104.0
RS;Torres;34656.0;41751.0;7095.0
MT;Paranatinga;19339.0;26423.0;7084.0
PE;Belo Jardim;72432.0;79507.0;7075.0
CE;Trairi;51422.0;58415.0;6993.0
AP;Oiapoque;20509.0;27482.0;6973.0
PA;Curuçá;34294.0;41262.0;6968.0
PR;Rio Branco do Sul;30617.0;37558.0;6941.0
MS;Rio Brilhante;30663.0;37601.0;6938.0
AM;Manicoré;47017.0;53914.0;6897.0
BA;Teixeira de Freitas;138341.0;145216.0;6875.0
SP;Ibitinga;53158.0;60033.0;6875.0
CE;Cascavel;65897.0;72720.0;6823.0
MG;São Sebastião do Paraíso;64980.0;71796.0;6816.0
SP;Mairinque;43223.0;50027.0;6804.0
PA;Ananindeua;471980.0;478778.0;6798.0
CE;Cruz;22983.0;29761.0;6778.0
PA;Capanema;63639.0;70394.0;6755.0
PA;Igarapé-Miri;58077.0;64831.0;6754.0
SP;Ilhabela;28196.0;34934.0;6738.0
SE;Lagarto;94861.0;101579.0;6718.0
CE;Paracuru;32310.0;38980.0;6670.0
MG;Curvelo;74004.0;80665.0;6661.0
PE;Araripina;78429.0;85088.0;6659.0
PA;Porto de Moz;33956.0;40597.0;6641.0
RS;Farroupilha;63675.0;70286.0;6611.0
PI;São Raimundo Nonato;32327.0;38934.0;6607.0
MT;Juína;39267.0;45869.0;6602.0
SP;São Pedro;31662.0;38256.0;6594.0
MG;João Monlevade;73610.0;80187.0;6577.0
PE;Itaíba;26122.0;32650.0;6528.0
BA;São Gonçalo dos Campos;32990.0;39513.0;6523.0
SC;Pomerode;27778.0;34289.0;6511.0
SP;Fernandópolis;64696.0;71186.0;6490.0
RS;Osório;40907.0;47396.0;6489.0
SC;Balneário Barra do Sul;8430.0;14912.0;6482.0
RO;Ariquemes;90353.0;96833.0;6480.0
RJ;Itaboraí;217790.0;224267.0;6477.0
MA;Pinheiro;78162.0;84621.0;6459.0
PA;Mãe do Rio;27904.0;34353.0;6449.0
BA;Conceição do Coité;61378.0;67825.0;6447.0
SC;São João Batista;26260.0;32687.0;6427.0
SP;Leme;91756.0;98161.0;6405.0
AP;Santana;101262.0;107618.0;6356.0
PR;Palotina;28683.0;35011.0;6328.0
RS;Nova Santa Rita;22716.0;29024.0;6308.0
PB;Queimadas;41361.0;47658.0;6297.0
MG;São José da Lapa;19799.0;26090.0;6291.0
SC;Passo de Torres;6627.0;12897.0;6270.0
SP;Assis;95144.0;101409.0;6265.0
SC;Balneário Arroio do Silva;9586.0;15820.0;6234.0
PA;Prainha;29349.0;35577.0;6228.0
SC;Xaxim;25713.0;31918.0;6205.0
PB;Conde;21400.0;27605.0;6205.0
PA;Rondon do Pará;46964.0;53143.0;6179.0
PI;Bom Jesus;22629.0;28796.0;6167.0
SC;Maravilha;22116.0;28251.0;6135.0
MG;Bom Despacho;45624.0;51737.0;6113.0
SC;Guabiruba;18430.0;24543.0;6113.0
AM;Urucurituba;17837.0;23945.0;6108.0
ES;Anchieta;23902.0;29984.0;6082.0
PE;Vitória de Santo Antão;128017.0;134084.0;6067.0
SP;Mogi Mirim;86505.0;92558.0;6053.0
BA;Brumado;64493.0;70510.0;6017.0
PR;Castro;67084.0;73075.0;5991.0
BA;Nordestina;12541.0;18523.0;5982.0
SP;Guaratinguetá;112072.0;118044.0;5972.0
MT;Aripuanã;18656.0;24626.0;5970.0
CE;Aracati;69177.0;75113.0;5936.0
MT;Matupá;14174.0;20091.0;5917.0
SP;Itapecerica da Serra;152614.0;158522.0;5908.0
CE;Brejo Santo;45189.0;51090.0;5901.0
PE;Manari;17887.0;23763.0;5876.0
GO;Chapadão do Céu;7001.0;12870.0;5869.0
RS;Ijuí;78915.0;84780.0;5865.0
PA;Tucumã;33690.0;39550.0;5860.0
PE;Goiana;75231.0;81055.0;5824.0
RO;Rolim de Moura;50648.0;56406.0;5758.0
MG;São João del Rei;84469.0;90225.0;5756.0
PE;Salgueiro;56629.0;62372.0;5743.0
SP;Registro;54261.0;59947.0;5686.0
MA;São Bento;40736.0;46395.0;5659.0
MG;Passos;106290.0;111939.0;5649.0
SC;Pinhalzinho;16346.0;21972.0;5626.0
MT;Poxoréu;17659.0;23283.0;5624.0
GO;Uruaçu;36937.0;42546.0;5609.0
PE;Surubim;58515.0;64120.0;5605.0
PE;Inajá;20007.0;25603.0;5596.0
PE;Toritama;35554.0;41137.0;5583.0
GO;Guapó;13976.0;19545.0;5569.0
SP;Santa Fé do Sul;29239.0;34794.0;5555.0
RN;Tibau do Sul;11385.0;16929.0;5544.0
RS;Teutônia;27272.0;32797.0;5525.0
CE;Itarema;37453.0;42957.0;5504.0
PA;Oriximiná;62794.0;68294.0;5500.0
MS;Ivinhema;22341.0;27821.0;5480.0
PI;José de Freitas;37085.0;42559.0;5474.0
RS;Panambi;38044.0;43515.0;5471.0
PA;Acará;53569.0;59023.0;5454.0
MG;Lagoa da Prata;45984.0;51412.0;5428.0
SP;Cabreúva;41604.0;47011.0;5407.0
SP;Guararema;25844.0;31236.0;5392.0
CE;Tauá;55849.0;61227.0;5378.0
RR;Uiramutã;8375.0;13751.0;5376.0
MS;Nova Alvorada do Sul;16450.0;21822.0;5372.0
MS;Aparecida do Taboado;22307.0;27674.0;5367.0
PR;Paranaguá;140469.0;145829.0;5360.0
PR;Palmas;42888.0;48247.0;5359.0
PA;Curralinho;28549.0;33903.0;5354.0
RS;Estância Velha;42574.0;47924.0;5350.0
BA;Serrinha;75095.0;80435.0;5340.0
MG;Conceição das Alagoas;23043.0;28381.0;5338.0
SP;Capela do Alto;17532.0;22866.0;5334.0
PR;Campo Magro;24843.0;30160.0;5317.0
RS;Tapejara;19250.0;24557.0;5307.0
PE;Paudalho;51361.0;56665.0;5304.0
RS;Carlos Barbosa;25162.0;30420.0;5258.0
MG;Conceição do Mato Dentro;17905.0;23163.0;5258.0
PA;Oeiras do Pará;28595.0;33844.0;5249.0
AM;Beruri;15486.0;20718.0;5232.0
GO;Quirinópolis;43221.0;48447.0;5226.0
PR;Mandirituba;22220.0;27439.0;5219.0
RS;Eldorado do Sul;34343.0;39559.0;5216.0
MG;Alfenas;73774.0;78970.0;5196.0
BA;Conceição do Jacuípe;30112.0;35308.0;5196.0
RJ;Itaperuna;95867.0;101041.0;5174.0
PR;Telêmaco Borba;69872.0;75042.0;5170.0
PE;Afogados da Ingazeira;35088.0;40241.0;5153.0
MG;Capelinha;34477.0;39626.0;5149.0
SP;Araçoiaba da Serra;27299.0;32443.0;5144.0
BA;Capim Grosso;28093.0;33235.0;5142.0
SC;Balneário Rincão;10851.0;15981.0;5130.0
SC;Presidente Getúlio;14883.0;20010.0;5127.0
MG;Frutal;53468.0;58588.0;5120.0
PA;Ourilândia do Norte;27359.0;32467.0;5108.0
TO;Lagoa da Confusão;10210.0;15288.0;5078.0
SP;Cerquilho;39617.0;44695.0;5078.0
SP;Lençóis Paulista;61428.0;66505.0;5077.0
RJ;Iguaba Grande;22848.0;27920.0;5072.0
CE;Pindoretama;18334.0;23391.0;5057.0
PI;Uruçuí;20149.0;25203.0;5054.0
SP;Olímpia;50024.0;55074.0;5050.0
MG;Ituiutaba;97171.0;102217.0;5046.0
RR;Normandia;8940.0;13986.0;5046.0
BA;Dias d'Ávila;66440.0;71485.0;5045.0
SP;Serrana;38878.0;43909.0;5031.0
MG;Camanducaia;21080.0;26097.0;5017.0
MS;Sidrolândia;42114.0;47118.0;5004.0
BA;Vera Cruz;37567.0;42529.0;4962.0
MG;Brumadinho;33973.0;38915.0;4942.0
RS;Montenegro;59415.0;64322.0;4907.0
AP;Mazagão;17032.0;21924.0;4892.0
PB;Cajazeiras;58365.0;63239.0;4874.0
BA;São Desidério;27976.0;32828.0;4852.0
MS;Caarapó;25770.0;30612.0;4842.0
BA;Maraú;19689.0;24527.0;4838.0
BA;Jacobina;77758.0;82590.0;4832.0
MG;Arcos;36597.0;41416.0;4819.0
AM;Boca do Acre;30632.0;35447.0;4815.0
PR;Santo Antônio do Sudoeste;18893.0;23673.0;4780.0
RR;Cantá;13902.0;18682.0;4780.0
RN;Mossoró;259815.0;264577.0;4762.0
CE;Viçosa do Ceará;54955.0;59712.0;4757.0
SC;Braço do Norte;29019.0;33773.0;4754.0
ES;Cariacica;348738.0;353491.0;4753.0
SC;Schroeder;15316.0;20061.0;4745.0
BA;Macarani;16880.0;21599.0;4719.0
BA;Euclides da Cunha;56739.0;61456.0;4717.0
SC;Ilhota;12355.0;17046.0;4691.0
MT;Nova Xavantina;19657.0;24345.0;4688.0
RR;Alto Alegre;16448.0;21096.0;4648.0
SP;Cedral;7972.0;12618.0;4646.0
PA;Capitão Poço;51893.0;56506.0;4613.0
RJ;Mangaratiba;36610.0;41220.0;4610.0
AC;Brasiléia;21398.0;26000.0;4602.0
RR;Amajari;9327.0;13927.0;4600.0
MS;Amambai;34730.0;39325.0;4595.0
BA;Paulo Afonso;108308.0;112870.0;4562.0
BA;Santo Estêvão;47726.0;52276.0;4550.0
PA;Monte Alegre;55462.0;60012.0;4550.0
PA;Limoeiro do Ajuru;25021.0;29569.0;4548.0
MG;Ouro Preto;70281.0;74821.0;4540.0
PR;Floresta;5931.0;10458.0;4527.0
MA;Raposa;26369.0;30839.0;4470.0
SP;Andradina;55334.0;59783.0;4449.0
AC;Bujari;8471.0;12917.0;4446.0
SP;Araçariguama;17080.0;21522.0;4442.0
PE;Carpina;74858.0;79293.0;4435.0
GO;Iporá;31278.0;35684.0;4406.0
RS;Cidreira;12668.0;17071.0;4403.0
MG;Santa Juliana;11337.0;15734.0;4397.0
SP;Ilha Comprida;9025.0;13419.0;4394.0
MG;Cláudio;25771.0;30159.0;4388.0
SP;Ibiúna;71217.0;75605.0;4388.0
CE;Limoeiro do Norte;55180.0;59560.0;4380.0
MG;Congonhas;48519.0;52890.0;4371.0
PR;Siqueira Campos;18454.0;22811.0;4357.0
PI;Floriano;57690.0;62036.0;4346.0
PR;Quatro Barras;19851.0;24191.0;4340.0
BA;Seabra;41821.0;46160.0;4339.0
PR;Cafelândia;14662.0;18997.0;4335.0
BA;Campo Formoso;67059.0;71377.0;4318.0
SC;Ituporanga;22226.0;26525.0;4299.0
RS;Nova Petrópolis;19040.0;23300.0;4260.0
RN;Goianinha;22481.0;26741.0;4260.0
ES;Jaguaré;24678.0;28931.0;4253.0
AM;Benjamin Constant;33411.0;37648.0;4237.0
MG;Viçosa;72220.0;76430.0;4210.0
SP;Embu-Guaçu;62769.0;66970.0;4201.0
ES;Piúma;18110.0;22300.0;4190.0
MG;Piumhi;31883.0;36062.0;4179.0
RJ;São João da Barra;32412.0;36573.0;4161.0
MA;Bacabal;99557.0;103711.0;4154.0
PR;Carambeí;19163.0;23283.0;4120.0
SC;Campos Novos;32819.0;36932.0;4113.0
RS;Balneário Pinhal;10856.0;14955.0;4099.0
SP;Brodowski;21107.0;25201.0;4094.0
AC;Mâncio Lima;15206.0;19294.0;4088.0
PA;Augusto Corrêa;40497.0;44573.0;4076.0
MG;Jaíba;33602.0;37660.0;4058.0
PR;Mandaguari;32658.0;36716.0;4058.0
MS;Bonito;19605.0;23659.0;4054.0
PE;Abreu e Lima;94425.0;98462.0;4037.0
MS;Naviraí;46424.0;50457.0;4033.0
RS;Xangri-lá;12434.0;16463.0;4029.0
MG;Itapeva;8664.0;12692.0;4028.0
BA;São Francisco do Conde;34707.0;38733.0;4026.0
CE;Beberibe;49095.0;53114.0;4019.0
AC;Manoel Urbano;7981.0;11996.0;4015.0
SE;Simão Dias;38581.0;42578.0;3997.0
MT;Tapurah;10377.0;14370.0;3993.0
SE;Itaporanga d'Ajuda;30419.0;34411.0;3992.0
PE;Itapissuma;23769.0;27749.0;3980.0
MA;Santa Rita;33078.0;37035.0;3957.0
GO;Inhumas;48257.0;52204.0;3947.0
PA;Salvaterra;20183.0;24129.0;3946.0
PA;Santa Bárbara do Pará;17141.0;21087.0;3946.0
SP;Cerqueira César;17532.0;21469.0;3937.0
SC;Governador Celso Ramos;12999.0;16915.0;3916.0
MG;Janaúba;66803.0;70699.0;3896.0
MG;Urucuia;13604.0;17479.0;3875.0
SP;José Bonifácio;32763.0;36633.0;3870.0
MA;Cantanhede;20448.0;24303.0;3855.0
BA;Barra da Estiva;22173.0;26026.0;3853.0
SP;Engenheiro Coelho;15721.0;19566.0;3845.0
PE;Custódia;33855.0;37699.0;3844.0
SP;Guapiaçu;17869.0;21711.0;3842.0
MG;Pedro Leopoldo;58740.0;62580.0;3840.0
MS;Água Clara;12902.0;16741.0;3839.0
MG;Iturama;34456.0;38295.0;3839.0
GO;São Luís de Montes Belos;30033.0;33852.0;3819.0
PA;Juruti;47086.0;50881.0;3795.0
SP;Holambra;11299.0;15094.0;3795.0
RS;Frederico Westphalen;28843.0;32627.0;3784.0
GO;São João d'Aliança;10257.0;14041.0;3784.0
SC;Garuva;14761.0;18545.0;3784.0
RJ;Porto Real;16592.0;20373.0;3781.0
BA;Cansanção;33668.0;37439.0;3771.0
PR;Assis Chateaubriand;33037.0;36808.0;3771.0
SC;Antônio Carlos;7458.0;11224.0;3766.0
RS;Flores da Cunha;27139.0;30892.0;3753.0
SC;Guatambú;4679.0;8425.0;3746.0
SP;Álvares Machado;23513.0;27255.0;3742.0
PE;Vertentes;18222.0;21959.0;3737.0
BA;Itacaré;23971.0;27704.0;3733.0
AM;Santo Antônio do Içá;24481.0;28211.0;3730.0
RJ;São Francisco de Itabapoana;41354.0;45059.0;3705.0
PI;Piripiri;61834.0;65538.0;3704.0
AM;Barreirinha;27355.0;31051.0;3696.0
BA;Ibicoara;17099.0;20785.0;3686.0
GO;Pirenópolis;23008.0;26690.0;3682.0
PB;Alhandra;18055.0;21730.0;3675.0
MT;Campos de Júlio;5154.0;8822.0;3668.0
RS;Araricá;4864.0;8525.0;3661.0
MG;Matozinhos;33958.0;37618.0;3660.0
AC;Epitaciolândia;15100.0;18757.0;3657.0
RS;Garibaldi;30679.0;34335.0;3656.0
MA;Matões do Norte;13794.0;17432.0;3638.0
SP;Salto de Pirapora;40132.0;43748.0;3616.0
GO;Pires do Rio;28761.0;32373.0;3612.0
PE;Ferreiros;11418.0;15026.0;3608.0
SP;Barrinha;28496.0;32092.0;3596.0
CE;Crateús;72817.0;76390.0;3573.0
PA;Cumaru do Norte;10466.0;14036.0;3570.0
ES;Domingos Martins;31847.0;35416.0;3569.0
MG;Itabira;109783.0;113343.0;3560.0
CE;Quixadá;80608.0;84168.0;3560.0
SP;Campo Limpo Paulista;74074.0;77632.0;3558.0
MA;Turiaçu;33933.0;37491.0;3558.0
PA;Marituba;108246.0;111785.0;3539.0
PA;Cachoeira do Arari;20443.0;23981.0;3538.0
GO;Aragoiânia;8365.0;11890.0;3525.0
SP;Cesário Lange;15540.0;19048.0;3508.0
SP;Serra Negra;26387.0;29894.0;3507.0
CE;Guaraciaba do Norte;38548.0;42053.0;3505.0
AM;Presidente Figueiredo;27175.0;30668.0;3493.0
RJ;Arraial do Cabo;27496.0;30986.0;3490.0
SP;Itapira;68537.0;72022.0;3485.0
MA;Santa Helena;38078.0;41561.0;3483.0
GO;Posse;31432.0;34914.0;3482.0
BA;Coração de Maria;23213.0;26692.0;3479.0
PE;Brejo da Madre de Deus;45180.0;48648.0;3468.0
MG;Carmo do Cajuru;20012.0;23479.0;3467.0
PI;União;42654.0;46119.0;3465.0
SP;Pirassununga;70081.0;73545.0;3464.0
MG;Ouro Branco;35268.0;38724.0;3456.0
PR;Cruzeiro do Oeste;20384.0;23831.0;3447.0
SP;Socorro;36686.0;40122.0;3436.0
SP;Cordeirópolis;21080.0;24514.0;3434.0
MA;Urbano Santos;29386.0;32812.0;3426.0
AL;Maragogi;28749.0;32174.0;3425.0
GO;Alto Paraíso de Goiás;6885.0;10306.0;3421.0
PR;Santa Terezinha de Itaipu;20841.0;24262.0;3421.0
BA;Formosa do Rio Preto;22490.0;25899.0;3409.0
PR;Ibiporã;48198.0;51603.0;3405.0
TO;Colinas do Tocantins;30838.0;34233.0;3395.0
BA;Itaberaba;61681.0;65073.0;3392.0
ES;Venda Nova do Imigrante;20447.0;23831.0;3384.0
ES;Marechal Floriano;14262.0;17641.0;3379.0
SC;Sombrio;26613.0;29991.0;3378.0
GO;Indiara;13690.0;17061.0;3371.0
BA;Santa Cruz Cabrália;25827.0;29185.0;3358.0
MG;Perdigão;8912.0;12268.0;3356.0
PR;São Miguel do Iguaçu;25769.0;29122.0;3353.0
SP;Lins;71432.0;74779.0;3347.0
MG;Muriaé;100765.0;104108.0;3343.0
MG;Engenheiro Caldas;10280.0;13622.0;3342.0
GO;Jaraguá;41883.0;45223.0;3340.0
SP;Santa Bárbara d'Oeste;180009.0;183347.0;3338.0
SP;Pederneiras;41497.0;44827.0;3330.0
BA;Presidente Tancredo Neves;24409.0;27734.0;3325.0
RS;São Leopoldo;214087.0;217409.0;3322.0
RS;Arroio do Sal;7740.0;11057.0;3317.0
AC;Sena Madureira;38029.0;41343.0;3314.0
PE;Camaragibe;144466.0;147771.0;3305.0
RR;Mucajaí;14792.0;18095.0;3303.0
MG;Andradas;37270.0;40553.0;3283.0
MG;Jaboticatubas;17134.0;20406.0;3272.0
RN;Açu;53227.0;56496.0;3269.0
PA;Anajás;24759.0;28011.0;3252.0
PR;Contenda;15891.0;19128.0;3237.0
GO;Bom Jesus de Goiás;20727.0;23958.0;3231.0
RS;Santo Antônio da Patrulha;39722.0;42947.0;3225.0
RS;Portão;30868.0;34071.0;3203.0
PI;Esperantina;37767.0;40970.0;3203.0
RJ;Paty do Alferes;26416.0;29619.0;3203.0
PR;Carlópolis;13706.0;16905.0;3199.0
GO;Alexânia;23814.0;27008.0;3194.0
PR;Vitorino;6513.0;9706.0;3193.0
MS;Bataguassu;19839.0;23031.0;3192.0
PR;Ubiratã;21558.0;24749.0;3191.0
PE;Trindade;27142.0;30321.0;3179.0
RS;Arroio do Meio;18783.0;21958.0;3175.0
AM;Canutama;13695.0;16869.0;3174.0
GO;Goiatuba;32493.0;35664.0;3171.0
SP;Penápolis;58510.0;61679.0;3169.0
BA;Sobradinho;22310.0;25475.0;3165.0
SP;Agudos;34524.0;37680.0;3156.0
RJ;Itaguaí;113691.0;116841.0;3150.0
ES;Presidente Kennedy;10547.0;13696.0;3149.0
MG;São Lourenço;41657.0;44798.0;3141.0
RS;Dois Irmãos;27572.0;30709.0;3137.0
ES;Vitória;319738.0;322869.0;3131.0
SC;Joaçaba;27020.0;30146.0;3126.0
MG;Formiga;65128.0;68248.0;3120.0
AM;Silves;8444.0;11559.0;3115.0
RS;Ivoti;19874.0;22983.0;3109.0
BA;Caetité;48913.0;52012.0;3099.0
PI;Barras;44850.0;47938.0;3088.0
SC;Jaguaruna;17290.0;20375.0;3085.0
PR;Tijucas do Sul;14537.0;17621.0;3084.0
PI;Demerval Lobão;13278.0;16352.0;3074.0
PA;Melgaço;24808.0;27881.0;3073.0
SC;São Lourenço do Oeste;21725.0;24791.0;3066.0
SP;Valentim Gentil;11036.0;14098.0;3062.0
AM;Fonte Boa;22817.0;25871.0;3054.0
MG;Cambuí;26488.0;29536.0;3048.0
SP;Potirendaba;15449.0;18496.0;3047.0
PR;Irati;56207.0;59250.0;3043.0
CE;Icapuí;18392.0;21433.0;3041.0
MG;Itatiaiuçu;9928.0;12966.0;3038.0
SP;Piratininga;12072.0;15108.0;3036.0
GO;Silvânia;19210.0;22245.0;3035.0
ES;Nova Venécia;46031.0;49065.0;3034.0
PE;Bezerros;58668.0;61694.0;3026.0
AC;Feijó;32412.0;35426.0;3014.0
ES;Ibatiba;22366.0;25380.0;3014.0
MG;São Sebastião do Oeste;5805.0;8815.0;3010.0
BA;Santaluz;34833.0;37834.0;3001.0
MG;Sabará;126384.0;129380.0;2996.0
MS;Nova Andradina;45578.0;48563.0;2985.0
CE;Amontada;39172.0;42156.0;2984.0
RR;Bonfim;10943.0;13923.0;2980.0
SP;Catanduva;112820.0;115791.0;2971.0
AM;Carauari;25774.0;28742.0;2968.0
MT;São Félix do Araguaia;10655.0;13621.0;2966.0
SC;Caçador;70762.0;73720.0;2958.0
PE;Lajedo;36628.0;39582.0;2954.0
PA;Vigia;47889.0;50832.0;2943.0
CE;Missão Velha;33898.0;36822.0;2924.0
AL;Delmiro Gouveia;48399.0;51318.0;2919.0
BA;Maracás;24701.0;27620.0;2919.0
PR;Realeza;16338.0;19247.0;2909.0
AM;Itamarati;8038.0;10937.0;2899.0
RO;Nova Mamoré;22546.0;25444.0;2898.0
PR;Jaguapitã;12225.0;15122.0;2897.0
PA;Óbidos;49333.0;52229.0;2896.0
RJ;Volta Redonda;258669.0;261563.0;2894.0
RN;Guamaré;12404.0;15295.0;2891.0
MG;Monte Sião;21203.0;24089.0;2886.0
MG;Santa Rita do Sapucaí;37754.0;40635.0;2881.0
SP;Conchal;25229.0;28101.0;2872.0
AC;Marechal Thaumaturgo;14227.0;17093.0;2866.0
SE;Tobias Barreto;48040.0;50905.0;2865.0
GO;Goianápolis;11104.0;13967.0;2863.0
RS;Nova Prata;22830.0;25692.0;2862.0
RS;Vacaria;61342.0;64197.0;2855.0
PE;Tamandaré;20715.0;23561.0;2846.0
PR;Santa Tereza do Oeste;10332.0;13174.0;2842.0
MG;João Pinheiro;43962.0;46801.0;2839.0
MG;Santa Vitória;18138.0;20973.0;2835.0
MT;Alto Taquari;8072.0;10904.0;2832.0
BA;Serra do Ramalho;31391.0;34222.0;2831.0
CE;Iguatu;95243.0;98064.0;2821.0
RS;Venâncio Aires;65953.0;68763.0;2810.0
RN;Serra do Mel;10287.0;13091.0;2804.0
BA;Bom Jesus da Lapa;62771.0;65550.0;2779.0
MG;Sacramento;23896.0;26670.0;2774.0
RJ;Bom Jardim;25333.0;28102.0;2769.0
GO;Bonfinópolis;7531.0;10296.0;2765.0
CE;São Benedito;44875.0;47640.0;2765.0
PI;Baixa Grande do Ribeiro;10516.0;13272.0;2756.0
MG;Jacutinga;22772.0;25525.0;2753.0
MG;Perdizes;14404.0;17151.0;2747.0
PR;Imbaú;11503.0;14249.0;2746.0
TO;São Miguel do Tocantins;10497.0;13241.0;2744.0
PA;São Sebastião da Boa Vista;22904.0;25643.0;2739.0
RN;Pau dos Ferros;27745.0;30479.0;2734.0
RN;Baraúna;24182.0;26913.0;2731.0
RS;Vera Cruz;23983.0;26710.0;2727.0
PR;Sabáudia;6096.0;8822.0;2726.0
BA;Ibirapitanga;22618.0;25344.0;2726.0
PA;Gurupá;29062.0;31786.0;2724.0
PA;Afuá;35042.0;37765.0;2723.0
SP;Santa Isabel;50453.0;53174.0;2721.0
BA;Ourolândia;16522.0;19243.0;2721.0
MG;Três Corações;72765.0;75485.0;2720.0
MS;Itaporã;21418.0;24137.0;2719.0
BA;Ribeira do Pombal;51293.0;54010.0;2717.0
RS;Serafina Corrêa;14253.0;16961.0;2708.0
MG;Mário Campos;13192.0;15900.0;2708.0
MT;Alto Garças;10345.0;13052.0;2707.0
PA;Bom Jesus do Tocantins;15298.0;18005.0;2707.0
BA;Alcobaça;21823.0;24530.0;2707.0
MT;Ipiranga do Norte;5113.0;7815.0;2702.0
MT;Jaciara;25882.0;28569.0;2687.0
GO;Santo Antônio de Goiás;4703.0;7386.0;2683.0
RS;Sapiranga;72968.0;75648.0;2680.0
PB;Mamanguape;41920.0;44599.0;2679.0
MG;Teófilo Otoni;134745.0;137418.0;2673.0
MA;Buriti;27013.0;29685.0;2672.0
ES;Sooretama;23843.0;26502.0;2659.0
PE;Ilha de Itamaracá;21884.0;24540.0;2656.0
BA;Campo Alegre de Lourdes;28021.0;30671.0;2650.0
MG;Rio Paranaíba;11885.0;14532.0;2647.0
AC;Jordão;6577.0;9222.0;2645.0
AM;Apuí;18007.0;20647.0;2640.0
SP;Pirapora do Bom Jesus;15733.0;18370.0;2637.0
SC;Lontras;10244.0;12873.0;2629.0
GO;Itapaci;18458.0;21087.0;2629.0
AL;Craíbas;22785.0;25397.0;2612.0
BA;Wenceslau Guimarães;21867.0;24474.0;2607.0
RJ;Belford Roxo;480487.0;483087.0;2600.0
SP;Santo Antônio de Posse;20650.0;23244.0;2594.0
PR;Morretes;15718.0;18309.0;2591.0
RN;Touros;30472.0;33035.0;2563.0
RJ;Queimados;137962.0;140523.0;2561.0
CE;Forquilha;21614.0;24173.0;2559.0
RR;Caracaraí;18398.0;20957.0;2559.0
SE;Poço Redondo;30888.0;33439.0;2551.0
SC;Ibirama;17315.0;19862.0;2547.0
SC;Capinzal;20769.0;23314.0;2545.0
RR;Caroebe;8114.0;10656.0;2542.0
AM;Uarini;11891.0;14431.0;2540.0
MG;Prata;25802.0;28342.0;2540.0
MG;Barão de Cocais;28241.0;30778.0;2537.0
MA;Paulino Neves;14519.0;17056.0;2537.0
RJ;Cachoeiras de Macacu;54408.0;56943.0;2535.0
PR;Jaguariaíva;32606.0;35141.0;2535.0
RO;Candeias do Jamari;19779.0;22310.0;2531.0
PE;São João;21312.0;23837.0;2525.0
SP;Santa Cruz do Rio Pardo;43921.0;46442.0;2521.0
PI;Oeiras;35640.0;38161.0;2521.0
CE;Russas;70408.0;72928.0;2520.0
MA;Governador Edison Lobão;15895.0;18411.0;2516.0
TO;Pedro Afonso;11539.0;14055.0;2516.0
PE;Tupanatinga;24425.0;26937.0;2512.0
SC;São Ludgero;10998.0;13509.0;2511.0
CE;Massapê;35190.0;37697.0;2507.0
AM;Eirunepé;30665.0;33170.0;2505.0
CE;Fortim;14791.0;17294.0;2503.0
MA;Açailândia;104047.0;106550.0;2503.0
AM;Caapiranga;10975.0;13469.0;2494.0
AL;Paripueira;11347.0;13835.0;2488.0
RS;Carazinho;59317.0;61804.0;2487.0
SC;Sangão;10400.0;12882.0;2482.0
PB;Patos;100693.0;103165.0;2472.0
PR;Itaipulândia;9026.0;11485.0;2459.0
SP;Jaú;131040.0;133497.0;2457.0
MT;Pedra Preta;15610.0;18066.0;2456.0
RS;Guaporé;22814.0;25268.0;2454.0
RS;Encantado;20513.0;22962.0;2449.0
SC;Treze Tílias;6341.0;8787.0;2446.0
PA;Aveiro;15849.0;18290.0;2441.0
BA;Poções;45855.0;48293.0;2438.0
SP;Itajobi;14556.0;16989.0;2433.0
CE;Frecheirinha;13227.0;15657.0;2430.0
SC;Massaranduba;14736.0;17162.0;2426.0
PR;Piên;11236.0;13655.0;2419.0
MG;Itajubá;90658.0;93073.0;2415.0
SC;Morro da Fumaça;16126.0;18537.0;2411.0
BA;Ponto Novo;15529.0;17938.0;2409.0
GO;Vianópolis;12548.0;14956.0;2408.0
MG;Delta;8089.0;10494.0;2405.0
MT;Vera;10402.0;12800.0;2398.0
MG;Santa Bárbara;28077.0;30466.0;2389.0
BA;Cairu;15374.0;17761.0;2387.0
SC;Mafra;52912.0;55286.0;2374.0
PB;Pedras de Fogo;27289.0;29662.0;2373.0
MA;Porto Franco;21530.0;23903.0;2373.0
PR;Matelândia;16078.0;18450.0;2372.0
SC;Paulo Lopes;6692.0;9063.0;2371.0
CE;Paraipaba;29849.0;32216.0;2367.0
AM;Novo Aripuanã;21451.0;23818.0;2367.0
MT;Nova Ubiratã;9175.0;11530.0;2355.0
MT;Gaúcha do Norte;6292.0;8642.0;2350.0
MG;Araporã;6144.0;8479.0;2335.0
PR;Nova Prata do Iguaçu;10377.0;12699.0;2322.0
SP;Lorena;82537.0;84855.0;2318.0
SP;Brotas;21580.0;23898.0;2318.0
SC;Pouso Redondo;14810.0;17123.0;2313.0
PR;Ampére;17308.0;19620.0;2312.0
PR;Bocaiúva do Sul;10987.0;13299.0;2312.0
MA;São Pedro da Água Branca;12028.0;14338.0;2310.0
MG;Ervália;17946.0;20255.0;2309.0
SC;Capivari de Baixo;21674.0;23975.0;2301.0
SP;Bom Jesus dos Perdões;19708.0;22006.0;2298.0
PR;União da Vitória;52735.0;55033.0;2298.0
SP;Ipiguá;4463.0;6761.0;2298.0
SC;Curitibanos;37748.0;40045.0;2297.0
BA;Gandu;29887.0;32178.0;2291.0
MT;Vila Bela da Santíssima Trindade;14493.0;16774.0;2281.0
MA;Palmeirândia;18780.0;21059.0;2279.0
BA;Livramento de Nossa Senhora;41625.0;43903.0;2278.0
RS;Ibirubá;19310.0;21583.0;2273.0
SC;Orleans;21393.0;23661.0;2268.0
RN;Monte Alegre;20763.0;23031.0;2268.0
MT;Itanhangá;5276.0;7539.0;2263.0
BA;Rodelas;8056.0;10308.0;2252.0
PE;Caetés;26577.0;28827.0;2250.0
SP;Matão;76786.0;79033.0;2247.0
BA;João Dourado;22609.0;24854.0;2245.0
BA;Pilão Arcado;33118.0;35357.0;2239.0
MG;Pirapora;53368.0;55606.0;2238.0
SC;Canoinhas;52779.0;55016.0;2237.0
PI;Luís Correia;28406.0;30641.0;2235.0
MA;Carutapera;22006.0;24238.0;2232.0
PE;São José do Belmonte;32617.0;34843.0;2226.0
PR;Cambira;7236.0;9460.0;2224.0
BA;Sítio do Quinto;12553.0;14773.0;2220.0
SC;Canelinha;10603.0;12821.0;2218.0
SP;Dracena;43258.0;45474.0;2216.0
SP;Ribeirão Pires;113354.0;115559.0;2205.0
MS;Ribas do Rio Pardo;20946.0;23150.0;2204.0
MG;Capitólio;8183.0;10380.0;2197.0
MA;Apicum-Açu;15323.0;17519.0;2196.0
PI;Nazária;8068.0;10262.0;2194.0
MG;Bom Repouso;10457.0;12649.0;2192.0
BA;Mata de São João;40375.0;42566.0;2191.0
RS;Capão do Leão;24298.0;26487.0;2189.0
ES;Castelo;34747.0;36930.0;2183.0
MG;Espírito Santo do Dourado;4429.0;6611.0;2182.0
SE;Canindé de São Francisco;24654.0;26834.0;2180.0
SP;Amparo;65829.0;68008.0;2179.0
PA;Vitória do Xingu;13431.0;15607.0;2176.0
AM;Tonantins;17079.0;19247.0;2168.0
CE;Camocim;60158.0;62326.0;2168.0
CE;Pentecoste;35651.0;37813.0;2162.0
MG;Caratinga;85207.0;87360.0;2153.0
AC;Xapuri;16091.0;18243.0;2152.0
MS;Mundo Novo;17043.0;19193.0;2150.0
RJ;Quissamã;20253.0;22393.0;2140.0
AL;Barra de Santo Antônio;14230.0;16365.0;2135.0
MT;Juara;32781.0;34906.0;2125.0
SP;Porangaba;8326.0;10451.0;2125.0
RJ;Itatiaia;28783.0;30908.0;2125.0
SP;Pinhalzinho;13105.0;15224.0;2119.0
TO;Guaraí;22661.0;24775.0;2114.0
PB;Guarabira;55381.0;57484.0;2103.0
GO;Orizona;14300.0;16399.0;2099.0
PR;Balsa Nova;11300.0;13395.0;2095.0
SP;São Lourenço da Serra;13973.0;16067.0;2094.0
RR;São João da Baliza;6769.0;8858.0;2089.0
SC;Cocal do Sul;15159.0;17240.0;2081.0
MG;Taiobeiras;30970.0;33050.0;2080.0
PR;Santa Helena;23413.0;25492.0;2079.0
AP;Pedra Branca do Amapari;10772.0;12847.0;2075.0
MG;São Gonçalo do Rio Abaixo;9777.0;11850.0;2073.0
AL;Pilar;33305.0;35370.0;2065.0
SP;Taquarituba;22291.0;24350.0;2059.0
AM;Ipixuna;22254.0;24311.0;2057.0
SP;São Joaquim da Barra;46512.0;48558.0;2046.0
BA;Itatim;13691.0;15737.0;2046.0
MA;Bacabeira;14925.0;16966.0;2041.0
AC;Santa Rosa do Purus;4691.0;6723.0;2032.0
CE;Morrinhos;20723.0;22753.0;2030.0
CE;Bela Cruz;30745.0;32775.0;2030.0
AC;Assis Brasil;6072.0;8100.0;2028.0
GO;Santa Helena de Goiás;36467.0;38492.0;2025.0
PR;Loanda;21201.0;23225.0;2024.0
BA;Palmeiras;8316.0;10339.0;2023.0
PE;Ouricuri;63228.0;65245.0;2017.0
SP;Guariba;35486.0;37498.0;2012.0
CE;Porteiras;15048.0;17050.0;2002.0
PR;Marmeleiro;13900.0;15901.0;2001.0
SP;Tarumã;12885.0;14882.0;1997.0
BA;Curaçá;32191.0;34180.0;1989.0
ES;Irupi;11723.0;13710.0;1987.0
SP;Santa Gertrudes;21634.0;23611.0;1977.0
PA;Viseu;56716.0;58692.0;1976.0
SP;Itapeva;87753.0;89728.0;1975.0
SP;Castilho;18003.0;19977.0;1974.0
PE;Lagoa do Carro;16007.0;17981.0;1974.0
MT;Nova Bandeirantes;11662.0;13635.0;1973.0
BA;Remanso;38615.0;40586.0;1971.0
MT;Bom Jesus do Araguaia;5314.0;7280.0;1966.0
BA;Amargosa;34557.0;36521.0;1964.0
PR;Agudos do Sul;8270.0;10233.0;1963.0
GO;Porangatu;42355.0;44317.0;1962.0
RS;Não-Me-Toque;15936.0;17898.0;1962.0
RS;Sant'Ana do Livramento;82464.0;84421.0;1957.0
SP;Jaci;5657.0;7613.0;1956.0
PR;Capanema;18526.0;20481.0;1955.0
MA;Trizidela do Vale;20529.0;22484.0;1955.0
GO;Montividiu;10567.0;12521.0;1954.0
BA;Piatã;18133.0;20086.0;1953.0
PI;Valença do Piauí;20326.0;22279.0;1953.0
MA;Barra do Corda;82580.0;84532.0;1952.0
SP;Morungaba;11769.0;13720.0;1951.0
AM;Itapiranga;8211.0;10162.0;1951.0
BA;Mucuri;36026.0;37977.0;1951.0
MA;Viana;49496.0;51442.0;1946.0
MG;Turmalina;18055.0;20000.0;1945.0
MG;Pompéu;29105.0;31047.0;1942.0
MA;Mata Roma;15150.0;17090.0;1940.0
RS;Candiota;8771.0;10710.0;1939.0
SP;Iracemápolis;20029.0;21967.0;1938.0
RJ;Miguel Pereira;24646.0;26582.0;1936.0
SP;Batatais;56476.0;58402.0;1926.0
SC;Laurentino;6007.0;7932.0;1925.0
SP;Elias Fausto;15775.0;17699.0;1924.0
MG;Monte Carmelo;45772.0;47692.0;1920.0
CE;Baturité;33302.0;35218.0;1916.0
MA;Maracaçumé;19234.0;21149.0;1915.0
SP;Canitar;4369.0;6283.0;1914.0
PE;Ipubi;27097.0;29009.0;1912.0
MS;Ladário;19615.0;21522.0;1907.0
PR;Nova Aurora;11866.0;13765.0;1899.0
MG;Prudente de Morais;9573.0;11466.0;1893.0
SP;Ouroeste;8405.0;10294.0;1889.0
SP;Guaíra;37404.0;39279.0;1875.0
RS;Palmares do Sul;10969.0;12844.0;1875.0
PI;São João do Piauí;19548.0;21421.0;1873.0
PI;Corrente;25407.0;27278.0;1871.0
PA;Curuá;12254.0;14117.0;1863.0
AM;Nhamundá;18278.0;20136.0;1858.0
MS;Selvíria;6287.0;8142.0;1855.0
PE;São Caitano;35274.0;37126.0;1852.0
ES;Barra de São Francisco;40649.0;42498.0;1849.0
MG;Ubá;101519.0;103365.0;1846.0
MG;Juruaia;9238.0;11084.0;1846.0
RN;São Miguel;21693.0;23537.0;1844.0
PB;Catolé do Rocha;28818.0;30661.0;1843.0
SP;Taguaí;10828.0;12669.0;1841.0
GO;Campo Limpo de Goiás;6241.0;8081.0;1840.0
SC;Rodeio;10922.0;12757.0;1835.0
PE;Tacaratu;22068.0;23902.0;1834.0
PA;Terra Santa;16949.0;18782.0;1833.0
RJ;São José do Vale do Rio Preto;20251.0;22080.0;1829.0
SP;Rio das Pedras;29501.0;31328.0;1827.0
MA;Davinópolis;12579.0;14404.0;1825.0
MG;Diamantina;45880.0;47702.0;1822.0
PB;Bananeiras;21315.0;23134.0;1819.0
SC;Gravatal;10618.0;12435.0;1817.0
AC;Porto Acre;14880.0;16693.0;1813.0
PR;Itapejara d'Oeste;10531.0;12344.0;1813.0
SP;Angatuba;22210.0;24022.0;1812.0
MA;Santa Inês;83203.0;85014.0;1811.0
RS;Rolante;19448.0;21253.0;1805.0
SP;Nazaré Paulista;16414.0;18217.0;1803.0
BA;Barra;49291.0;51092.0;1801.0
MG;Rodeiro;6867.0;8664.0;1797.0
MG;Limeira do Oeste;6890.0;8687.0;1797.0
PR;Terra Boa;15776.0;17568.0;1792.0
SP;Buritama;15418.0;17210.0;1792.0
MG;Nova Ponte;12812.0;14598.0;1786.0
BA;Cruz das Almas;58562.0;60348.0;1786.0
MG;Capim Branco;8881.0;10663.0;1782.0
PA;Belterra;16318.0;18099.0;1781.0
PI;Simplício Mendes;12089.0;13870.0;1781.0
AM;Alvarães;14088.0;15866.0;1778.0
SP;Igaratá;8831.0;10605.0;1774.0
MT;Cáceres;87907.0;89681.0;1774.0
RS;Trindade do Sul;5787.0;7556.0;1769.0
SE;Itabaianinha;38910.0;40678.0;1768.0
SP;Jales;47012.0;48776.0;1764.0
RS;Nova Hartz;18324.0;20088.0;1764.0
MA;Riachão;20387.0;22145.0;1758.0
MT;Peixoto de Azevedo;30963.0;32714.0;1751.0
SC;Itaiópolis;20301.0;22051.0;1750.0
SC;Santa Rosa do Sul;8043.0;9792.0;1749.0
ES;Rio Bananal;17530.0;19274.0;1744.0
MG;Lagoa Formosa;17161.0;18904.0;1743.0
CE;Barreira;20653.0;22392.0;1739.0
GO;Ouvidor;5467.0;7200.0;1733.0
SP;Novo Horizonte;36593.0;38324.0;1731.0
SP;Taquarivaí;5151.0;6876.0;1725.0
BA;Barra do Choça;34817.0;36539.0;1722.0
SP;Junqueirópolis;18726.0;20448.0;1722.0
PR;Palmeira;32133.0;33855.0;1722.0
PR;Douradina;7445.0;9161.0;1716.0
MA;Nina Rodrigues;12464.0;14176.0;1712.0
SP;Vargem;8801.0;10512.0;1711.0
BA;Iraquara;22170.0;23879.0;1709.0
RS;Triunfo;25793.0;27498.0;1705.0
TO;Sítio Novo do Tocantins;9132.0;10830.0;1698.0
PR;Francisco Alves;6418.0;8116.0;1698.0
PB;Lagoa Seca;26033.0;27730.0;1697.0
GO;Flores de Goiás;12048.0;13744.0;1696.0
RN;Tibau;3687.0;5382.0;1695.0
BA;Serra Preta;16304.0;17996.0;1692.0
SP;Buri;18563.0;20250.0;1687.0
PR;Ribeirão Claro;10678.0;12364.0;1686.0
SP;Cristais Paulista;7588.0;9272.0;1684.0
SC;Seara;16936.0;18620.0;1684.0
MA;Belágua;6782.0;8460.0;1678.0
PR;Pérola;10208.0;11878.0;1670.0
PE;Petrolândia;32492.0;34161.0;1669.0
SC;Agrolândia;9323.0;10990.0;1667.0
SP;Valparaíso;22576.0;24241.0;1665.0
PA;Curionópolis;18288.0;19950.0;1662.0
PR;Santo Antônio da Platina;42707.0;44369.0;1662.0
GO;Barro Alto;8716.0;10371.0;1655.0
SP;Regente Feijó;18494.0;20145.0;1651.0
SP;Pacaembu;13226.0;14877.0;1651.0
SC;São João do Sul;7018.0;8668.0;1650.0
RS;Nonoai;12074.0;13719.0;1645.0
MT;Brasnorte;15361.0;17004.0;1643.0
GO;Rialma;10523.0;12165.0;1642.0
SP;Iaras;6376.0;8010.0;1634.0
MA;Fernando Falcão;9241.0;10873.0;1632.0
CE;Granja;51717.0;53344.0;1627.0
PE;Jupi;13705.0;15329.0;1624.0
MG;Iapu;10407.0;12030.0;1623.0
PI;Cocal;26591.0;28212.0;1621.0
SC;Três Barras;18129.0;19746.0;1617.0
SP;Paulicéia;6339.0;7955.0;1616.0
AP;Calçoene;9000.0;10612.0;1612.0
MG;Bocaiúva;46421.0;48032.0;1611.0
MS;Fátima do Sul;19009.0;20609.0;1600.0
PE;Pombos;25953.0;27552.0;1599.0
PA;Santa Maria do Pará;23026.0;24624.0;1598.0
MT;Diamantino;20343.0;21941.0;1598.0
MG;Campo Florido;6870.0;8466.0;1596.0
AC;Capixaba;8798.0;10392.0;1594.0
ES;Baixo Guandu;29081.0;30674.0;1593.0
MG;São João do Paraíso;22319.0;23910.0;1591.0
CE;Irauçuba;22324.0;23915.0;1591.0
RN;Lagoa Nova;13983.0;15573.0;1590.0
SP;Cravinhos;31691.0;33281.0;1590.0
MG;Almenara;38775.0;40364.0;1589.0
MA;Pedro do Rosário;22732.0;24320.0;1588.0
SP;Paranapanema;17808.0;19395.0;1587.0
SP;Tupi Paulista;14269.0;15854.0;1585.0
PR;Coronel Vivida;21749.0;23331.0;1582.0
SP;Águas de Santa Bárbara;5601.0;7177.0;1576.0
BA;Mucugê;10563.0;12137.0;1574.0
MG;Divino;19133.0;20706.0;1573.0
SP;Pardinho;5582.0;7153.0;1571.0
MG;Igaratinga;9264.0;10830.0;1566.0
RS;Sarandi;21285.0;22851.0;1566.0
RS;Estrela;30619.0;32183.0;1564.0
MG;Delfinópolis;6830.0;8393.0;1563.0
GO;Alto Horizonte;4510.0;6072.0;1562.0
AC;Porto Walter;9176.0;10735.0;1559.0
RJ;Pinheiral;22740.0;24298.0;1558.0
CE;Meruoca;13599.0;15157.0;1558.0
SP;Pedreira;41558.0;43112.0;1554.0
MG;Chapada Gaúcha;10805.0;12355.0;1550.0
AM;São Paulo de Olivença;31422.0;32967.0;1545.0
MG;Paraopeba;22563.0;24107.0;1544.0
PA;Ourém;16311.0;17855.0;1544.0
MT;Alto Araguaia;15649.0;17193.0;1544.0
SP;Nova Independência;3068.0;4609.0;1541.0
MS;Angélica;9191.0;10729.0;1538.0
SC;Nova Trento;12190.0;13727.0;1537.0
MT;Pontal do Araguaia;5395.0;6932.0;1537.0
AM;Urucará;17094.0;18631.0;1537.0
PR;Salto do Lontra;13689.0;15223.0;1534.0
TO;Augustinópolis;15950.0;17484.0;1534.0
BA;Filadélfia;16364.0;17897.0;1533.0
AM;Japurá;7326.0;8858.0;1532.0
MS;Deodápolis;12133.0;13663.0;1530.0
BA;Salinas da Margarida;13463.0;14987.0;1524.0
BA;Jaguarari;31184.0;32703.0;1519.0
SP;Mendonça;4640.0;6159.0;1519.0
RN;Santa Cruz;35797.0;37313.0;1516.0
SP;Patrocínio Paulista;13000.0;14512.0;1512.0
PI;Piracuruca;27339.0;28846.0;1507.0
ES;Guaçuí;27851.0;29358.0;1507.0
GO;Campinorte;11003.0;12510.0;1507.0
PR;Jesuítas;9001.0;10506.0;1505.0
SP;Cosmorama;7214.0;8719.0;1505.0
PR;Perobal;5691.0;7189.0;1498.0
SP;Capivari;48576.0;50068.0;1492.0
MA;Barão de Grajaú;17493.0;18984.0;1491.0
SP;Serra Azul;11256.0;12746.0;1490.0
BA;Correntina;30970.0;32457.0;1487.0
PA;Colares;11381.0;12868.0;1487.0
SP;Itapuí;12173.0;13659.0;1486.0
SP;Mauá;416778.0;418261.0;1483.0
SE;Umbaúba;22434.0;23917.0;1483.0
AC;Acrelândia;12538.0;14021.0;1483.0
MG;Guaxupé;49430.0;50911.0;1481.0
AM;Tapauá;18120.0;19599.0;1479.0
MG;Paraguaçu;20245.0;21723.0;1478.0
PE;Riacho das Almas;19162.0;20639.0;1477.0
SP;Monte Alegre do Sul;7152.0;8627.0;1475.0
MG;Itaguara;12372.0;13846.0;1474.0
SP;Cachoeira Paulista;30091.0;31564.0;1473.0
GO;Abadiânia;15759.0;17232.0;1473.0
PR;Paraíso do Norte;11772.0;13245.0;1473.0
BA;Santa Bárbara;19479.0;20952.0;1473.0
RS;Três Passos;23965.0;25436.0;1471.0
PR;Imbituva;28455.0;29924.0;1469.0
AL;Japaratinga;7754.0;9219.0;1465.0
MG;Muzambinho;20430.0;21891.0;1461.0
PB;Sousa;65799.0;67259.0;1460.0
MG;Simonésia;18298.0;19750.0;1452.0
BA;Teolândia;13881.0;15332.0;1451.0
MG;Toledo;5764.0;7214.0;1450.0
SP;Ibaté;30734.0;32178.0;1444.0
BA;Mansidão;12476.0;13919.0;1443.0
MG;São Sebastião da Bela Vista;4948.0;6387.0;1439.0
SP;Bálsamo;8160.0;9596.0;1436.0
GO;Buriti Alegre;9059.0;10495.0;1436.0
PB;São Bento;30801.0;32235.0;1434.0
MT;Mirassol d'Oeste;25352.0;26785.0;1433.0
PR;Laranjeiras do Sul;30801.0;32227.0;1426.0
SP;Narandiba;4288.0;5713.0;1425.0
PB;Monteiro;30852.0;32277.0;1425.0
MA;Igarapé do Meio;12550.0;13974.0;1424.0
MG;Piedade de Caratinga;7110.0;8529.0;1419.0
RJ;São Fidélis;37543.0;38961.0;1418.0
SC;Corupá;13852.0;15267.0;1415.0
MG;Confins;5936.0;7350.0;1414.0
MG;Florestal;6632.0;8045.0;1413.0
SC;Maracajá;6404.0;7815.0;1411.0
PR;Chopinzinho;19679.0;21085.0;1406.0
RS;Feliz;12359.0;13764.0;1405.0
MA;Bela Vista do Maranhão;10349.0;11750.0;1401.0
SE;Campo do Brito;16749.0;18149.0;1400.0
GO;Vicentinópolis;7373.0;8768.0;1395.0
MG;Três Pontas;53860.0;55255.0;1395.0
PR;Guaíra;30704.0;32097.0;1393.0
MG;Martinho Campos;12611.0;14003.0;1392.0
SP;Mococa;66290.0;67681.0;1391.0
PB;Marcação;7609.0;8999.0;1390.0
PB;Itapororoca;16997.0;18382.0;1385.0
TO;Praia Norte;7659.0;9044.0;1385.0
MG;Santa Margarida;15011.0;16395.0;1384.0
GO;Terezópolis de Goiás;6561.0;7944.0;1383.0
MT;Porto Alegre do Norte;10748.0;12127.0;1379.0
SP;Três Fronteiras;5427.0;6804.0;1377.0
RJ;Teresópolis;163746.0;165123.0;1377.0
MG;Pitangui;25311.0;26685.0;1374.0
MG;São Gonçalo do Pará;10398.0;11770.0;1372.0
PB;Capim;5601.0;6970.0;1369.0
PB;Puxinanã;12911.0;14277.0;1366.0
GO;Campo Alegre de Goiás;6060.0;7422.0;1362.0
PR;Terra Roxa;16759.0;18119.0;1360.0
MA;São Pedro dos Crentes;4425.0;5783.0;1358.0
PR;Iguaraçu;3982.0;5338.0;1356.0
RS;Bom Princípio;11789.0;13142.0;1353.0
AL;Santana do Ipanema;44867.0;46220.0;1353.0
AM;Amaturá;9467.0;10819.0;1352.0
MG;Ipanema;18170.0;19522.0;1352.0
MG;Coromandel;27547.0;28894.0;1347.0
GO;Mozarlândia;13404.0;14750.0;1346.0
RS;São Francisco de Paula;20551.0;21893.0;1342.0
SP;Sarapuí;9027.0;10369.0;1342.0
SP;Bebedouro;75035.0;76373.0;1338.0
GO;Nova Veneza;8145.0;9481.0;1336.0
GO;Ceres;20712.0;22046.0;1334.0
AP;Itaubal;4265.0;5599.0;1334.0
PI;Murici dos Portelas;8464.0;9797.0;1333.0
PE;Paranatama;10866.0;12199.0;1333.0
MG;Boa Esperança;38516.0;39848.0;1332.0
RN;Apodi;34763.0;36093.0;1330.0
CE;Miraíma;12866.0;14196.0;1330.0
SP;Dumont;8143.0;9471.0;1328.0
PE;Lagoa Grande;22760.0;24088.0;1328.0
RR;Iracema;8696.0;10023.0;1327.0
PA;São Miguel do Guamá;51567.0;52894.0;1327.0
SP;Fartura;15320.0;16641.0;1321.0
MG;Santo Antônio do Monte;25975.0;27295.0;1320.0
AL;São Miguel dos Milagres;7163.0;8482.0;1319.0
MG;Araújos;7883.0;9199.0;1316.0
MG;Águas Vermelhas;12722.0;14037.0;1315.0
PE;Águas Belas;40235.0;41548.0;1313.0
MG;São João das Missões;11715.0;13024.0;1309.0
PR;Quitandinha;17089.0;18398.0;1309.0
GO;Crixás;15760.0;17065.0;1305.0
PI;Paulistana;19753.0;21055.0;1302.0
GO;Acreúna;20268.0;21568.0;1300.0
MG;Perdões;20087.0;21384.0;1297.0
RS;São Sebastião do Caí;23134.0;24428.0;1294.0
MG;Buritis;22737.0;24030.0;1293.0
MG;Santana do Riacho;4023.0;5313.0;1290.0
MT;Santa Carmem;4085.0;5374.0;1289.0
BA;Piraí do Norte;9685.0;10974.0;1289.0
PR;São João;10599.0;11886.0;1287.0
MA;Cachoeira Grande;8446.0;9732.0;1286.0
SP;Pereiras;7454.0;8737.0;1283.0
MG;Tupaciguara;24188.0;25470.0;1282.0
MA;Caxias;155692.0;156973.0;1281.0
PB;Cruz do Espírito Santo;15815.0;17095.0;1280.0
MG;Reduto;6569.0;7848.0;1279.0
SC;Luiz Alves;10405.0;11684.0;1279.0
AC;Senador Guiomard;20179.0;21454.0;1275.0
RJ;Três Rios;77075.0;78346.0;1271.0
PR;Tapejara;14598.0;15869.0;1271.0
SC;Saudades;8994.0;10265.0;1271.0
SC;Itapiranga;15371.0;16638.0;1267.0
GO;Leopoldo de Bulhões;7479.0;8745.0;1266.0
ES;Iúna;27328.0;28590.0;1262.0
SC;Agronômica;4794.0;6055.0;1261.0
RJ;Piraí;26214.0;27474.0;1260.0
MS;Aquidauana;45543.0;46803.0;1260.0
RO;Pimenta Bueno;33822.0;35079.0;1257.0
GO;Mambaí;6867.0;8124.0;1257.0
SP;Alambari;4884.0;6141.0;1257.0
PR;Jacarezinho;39121.0;40375.0;1254.0
PB;Baía da Traição;7971.0;9224.0;1253.0
MG;Ilicínea;11488.0;12741.0;1253.0
MG;Serra do Salitre;10549.0;11801.0;1252.0
SP;Estiva Gerbi;10044.0;11295.0;1251.0
SP;Porto Ferreira;51400.0;52649.0;1249.0
MG;Espera Feliz;22856.0;24102.0;1246.0
PE;Tabira;26436.0;27681.0;1245.0
BA;Sento Sé;36909.0;38154.0;1245.0
MG;Divisópolis;8974.0;10213.0;1239.0
MG;Mata Verde;7874.0;9112.0;1238.0
MA;Jenipapo dos Vieiras;15839.0;17076.0;1237.0
AL;Palmeira dos Índios;70341.0;71574.0;1233.0
SP;Roseira;9599.0;10832.0;1233.0
SC;Aurora;5551.0;6780.0;1229.0
MG;Lajinha;19609.0;20835.0;1226.0
SE;Areia Branca;16857.0;18081.0;1224.0
SP;Vista Alegre do Alto;6886.0;8109.0;1223.0
MG;Martins Soares;7173.0;8396.0;1223.0
MG;Visconde do Rio Branco;37942.0;39160.0;1218.0
MG;Caetanópolis;10218.0;11435.0;1217.0
PB;Rio Tinto;23366.0;24581.0;1215.0
MG;Guimarânia;7265.0;8478.0;1213.0
CE;Nova Olinda;14186.0;15399.0;1213.0
SP;Pilar do Sul;26406.0;27619.0;1213.0
SP;Altinópolis;15607.0;16818.0;1211.0
RS;Veranópolis;22810.0;24021.0;1211.0
SP;Tanabi;24055.0;25265.0;1210.0
SP;Estrela d'Oeste;8208.0;9417.0;1209.0
PR;Joaquim Távora;10736.0;11945.0;1209.0
MT;Ribeirão Cascalheira;8881.0;10089.0;1208.0
AM;Pauini;18166.0;19373.0;1207.0
SP;São Bento do Sapucaí;10468.0;11674.0;1206.0
PA;Soure;23001.0;24204.0;1203.0
AL;Feira Grande;21513.0;22712.0;1199.0
MA;São Raimundo das Mangabeiras;17474.0;18672.0;1198.0
SC;Águas Mornas;5548.0;6743.0;1195.0
MG;Munhoz;6257.0;7451.0;1194.0
RS;Santa Clara do Sul;5697.0;6887.0;1190.0
RS;Três de Maio;23726.0;24916.0;1190.0
SC;Turvo;11855.0;13043.0;1188.0
GO;Pontalina;17121.0;18309.0;1188.0
MA;Colinas;39132.0;40316.0;1184.0
GO;Caldazinha;3331.0;4507.0;1176.0
MG;Rio Acima;9087.0;10261.0;1174.0
SC;José Boiteux;4812.0;5985.0;1173.0
SP;Itaí;24008.0;25180.0;1172.0
MT;Nova Nazaré;3029.0;4200.0;1171.0
MT;Nova Lacerda;5500.0;6670.0;1170.0
RN;Serra Caiada;8960.0;10125.0;1165.0
PB;Sapé;50143.0;51306.0;1163.0
BA;Jussara;15194.0;16354.0;1160.0
PR;Corbélia;16312.0;17470.0;1158.0
PB;Alagoa Nova;19856.0;21013.0;1157.0
MG;Orizânia;7284.0;8437.0;1153.0
PE;Pedra;21644.0;22795.0;1151.0
RS;Sapucaia do Sul;130957.0;132107.0;1150.0
CE;Piquet Carneiro;15469.0;16616.0;1147.0
CE;Salitre;15487.0;16633.0;1146.0
RN;Parelhas;20354.0;21499.0;1145.0
PB;Massaranduba;12994.0;14139.0;1145.0
MG;Ijaci;5859.0;7003.0;1144.0
RS;Bagé;116794.0;117938.0;1144.0
PE;Santa Maria da Boa Vista;39435.0;40578.0;1143.0
PA;Tracuateua;27455.0;28595.0;1140.0
PR;Jandaia do Sul;20269.0;21408.0;1139.0
BA;Madre de Deus;17376.0;18504.0;1128.0
SC;São Joaquim;24812.0;25939.0;1127.0
PI;Água Branca;16451.0;17573.0;1122.0
PB;Pilar;11191.0;12311.0;1120.0
RS;Harmonia;4259.0;5378.0;1119.0
PA;Pacajá;39979.0;41097.0;1118.0
MG;Serro;20835.0;21952.0;1117.0
MG;Elói Mendes;25220.0;26336.0;1116.0
SP;Colina;17371.0;18486.0;1115.0
PR;São Mateus do Sul;41257.0;42366.0;1109.0
BA;Sítio do Mato;12300.0;13408.0;1108.0
SP;Biritiba Mirim;28575.0;29683.0;1108.0
CE;Milhã;13015.0;14123.0;1108.0
PB;Santa Cecília;6563.0;7670.0;1107.0
BA;Jaguaripe;16552.0;17659.0;1107.0
RS;Tupandi;3924.0;5029.0;1105.0
MG;Piranguinho;8016.0;9120.0;1104.0
SP;Saltinho;7059.0;8161.0;1102.0
BA;Souto Soares;15952.0;17054.0;1102.0
CE;Marco;24698.0;25799.0;1101.0
SP;Taiúva;5447.0;6548.0;1101.0
PE;Agrestina;22679.0;23779.0;1100.0
MS;Antônio João;8208.0;9303.0;1095.0
PR;Ouro Verde do Oeste;5692.0;6785.0;1093.0
MG;Belo Vale;7536.0;8627.0;1091.0
MG;Astolfo Dutra;13049.0;14138.0;1089.0
PE;Afrânio;17586.0;18674.0;1088.0
PE;Araçoiaba;18156.0;19243.0;1087.0
SC;Armazém;7753.0;8834.0;1081.0
PR;Saudade do Iguaçu;5028.0;6108.0;1080.0
PE;Cachoeirinha;18819.0;19899.0;1080.0
SP;Pedro de Toledo;10204.0;11281.0;1077.0
SC;São Pedro de Alcântara;4704.0;5776.0;1072.0
MG;Lima Duarte;16149.0;17221.0;1072.0
SC;São Cristóvão do Sul;5012.0;6084.0;1072.0
PR;Manoel Ribas;13169.0;14240.0;1071.0
PE;Limoeiro;55439.0;56510.0;1071.0
SC;Alfredo Wagner;9410.0;10481.0;1071.0
PB;Sumé;16096.0;17166.0;1070.0
ES;Brejetuba;11915.0;12985.0;1070.0
SC;Papanduva;18080.0;19150.0;1070.0
MA;Centro do Guilherme;11273.0;12342.0;1069.0
MA;Cândido Mendes;18864.0;19932.0;1068.0
MA;Tasso Fragoso;7796.0;8862.0;1066.0
MG;Paraisópolis;19379.0;20445.0;1066.0
PR;Araruna;13419.0;14485.0;1066.0
RN;João Câmara;32227.0;33290.0;1063.0
MG;Itanhandu;14175.0;15236.0;1061.0
SP;Bastos;20445.0;21503.0;1058.0
BA;Senhor do Bonfim;73466.0;74523.0;1057.0
MT;Campinápolis;14291.0;15347.0;1056.0
PR;Quatiguá;7045.0;8099.0;1054.0
RS;Seberi;10897.0;11950.0;1053.0
MG;Salinas;39125.0;40178.0;1053.0
ES;Montanha;17849.0;18900.0;1051.0
SC;Taió;17260.0;18310.0;1050.0
GO;Piracanjuba;23834.0;24883.0;1049.0
SP;Jambeiro;5349.0;6397.0;1048.0
SP;Joanópolis;11768.0;12815.0;1047.0
TO;São Bento do Tocantins;4608.0;5654.0;1046.0
MG;Coronel Fabriciano;103694.0;104736.0;1042.0
BA;Cocos;18111.0;19151.0;1040.0
AP;Porto Grande;16809.0;17848.0;1039.0
AM;Novo Airão;14723.0;15761.0;1038.0
TO;Tabocão;2419.0;3455.0;1036.0
MG;Varjão de Minas;5934.0;6969.0;1035.0
CE;Mulungu;9534.0;10569.0;1035.0
SP;Quintana;6004.0;7038.0;1034.0
SP;Urupês;12714.0;13744.0;1030.0
ES;Marilândia;11358.0;12387.0;1029.0
SC;São João do Itaperiú;3435.0;4463.0;1028.0
RS;Sananduva;15373.0;16399.0;1026.0
RO;Chupinguaia;8301.0;9324.0;1023.0
SP;Florínea;2829.0;3851.0;1022.0
RS;Lindolfo Collor;5227.0;6248.0;1021.0
BA;Sapeaçu;16943.0;17963.0;1020.0
SP;Itatinga;18052.0;19070.0;1018.0
MG;São José da Barra;6778.0;7793.0;1015.0
PE;Tacaimbó;12725.0;13738.0;1013.0
MG;Nova Resende;15374.0;16387.0;1013.0
SE;Cristinápolis;16087.0;17100.0;1013.0
SC;Catanduvas;9555.0;10566.0;1011.0
SP;Laranjal Paulista;25251.0;26261.0;1010.0
SC;Cordilheira Alta;3771.0;4781.0;1010.0
MA;São Domingos do Azeitão;6983.0;7992.0;1009.0
SC;Praia Grande;7262.0;8270.0;1008.0
BA;Queimadas;24986.0;25988.0;1002.0
RS;Mato Leitão;3858.0;4859.0;1001.0
MG;São João do Manhuaçu;10245.0;11246.0;1001.0
RS;Arroio dos Ratos;13606.0;14601.0;995.0
SP;Potim;19397.0;20392.0;995.0
PE;Santa Maria do Cambucá;13021.0;14013.0;992.0
ES;Fundão;17025.0;18014.0;989.0
TO;Axixá do Tocantins;9275.0;10262.0;987.0
MG;Senador Amaral;5219.0;6206.0;987.0
SP;Sales;5451.0;6437.0;986.0
BA;Santa Rita de Cássia;26404.0;27390.0;986.0
MT;Paranaíta;10686.0;11671.0;985.0
MA;Arari;28488.0;29472.0;984.0
SC;Piratuba;4786.0;5769.0;983.0
GO;Corumbaíba;8181.0;9164.0;983.0
MG;Guanhães;31262.0;32244.0;982.0
RS;São Marcos;20103.0;21084.0;981.0
CE;Ubajara;31787.0;32767.0;980.0
SP;Luís Antônio;11286.0;12265.0;979.0
MG;Tiros;6906.0;7883.0;977.0
MG;Ubaporanga;12040.0;13017.0;977.0
PB;Piancó;15465.0;16441.0;976.0
SC;Otacílio Costa;16337.0;17312.0;975.0
MG;Mutum;26661.0;27635.0;974.0
MG;Mar de Espanha;11749.0;12721.0;972.0
SP;Rubinéia;2862.0;3833.0;971.0
AM;São Sebastião do Uatumã;10705.0;11670.0;965.0
MS;Bandeirantes;6977.0;7940.0;963.0
MS;Paraíso das Águas;4548.0;5510.0;962.0
GO;Cachoeira Alta;10552.0;11513.0;961.0
SP;Piraju;28475.0;29436.0;961.0
ES;Santa Teresa;21851.0;22808.0;957.0
MG;Carmópolis de Minas;17048.0;18003.0;955.0
RS;Nova Araçá;4001.0;4954.0;953.0
BA;Nova Viçosa;38556.0;39509.0;953.0
BA;Ibirapuã;7948.0;8896.0;948.0
PI;Lagoa do Piauí;3863.0;4810.0;947.0
CE;Canindé;73228.0;74174.0;946.0
PR;Santa Fé;10432.0;11378.0;946.0
SP;Cosmópolis;58827.0;59773.0;946.0
PA;Santa Luzia do Pará;19424.0;20370.0;946.0
RN;São Paulo do Potengi;15843.0;16786.0;943.0
MT;Chapada dos Guimarães;18047.0;18990.0;943.0
RS;Santo Cristo;14378.0;15320.0;942.0
SC;Correia Pinto;14785.0;15727.0;942.0
AL;Porto Real do Colégio;19141.0;20082.0;941.0
PR;Santo Inácio;5241.0;6181.0;940.0
RS;Vale Real;5118.0;6058.0;940.0
SC;Zortéa;2991.0;3930.0;939.0
PR;Santa Izabel do Oeste;13132.0;14070.0;938.0
RN;Pureza;8424.0;9362.0;938.0
MG;Raposos;15342.0;16279.0;937.0
SP;Ourinhos;103035.0;103970.0;935.0
SC;Iporã do Oeste;8400.0;9335.0;935.0
RN;São Miguel do Gostoso;9287.0;10221.0;934.0
MG;Divinésia;3293.0;4226.0;933.0
SP;Monte Alto;46642.0;47574.0;932.0
SC;Ipuaçu;6798.0;7730.0;932.0
BA;Irará;27112.0;28043.0;931.0
PR;Pitanga;32638.0;33567.0;929.0
SP;Neves Paulista;8772.0;9699.0;927.0
BA;Riachão do Jacuípe;32463.0;33386.0;923.0
SP;Uchoa;9471.0;10394.0;923.0
BA;Caculé;21541.0;22462.0;921.0
SE;Monte Alegre de Sergipe;13415.0;14336.0;921.0
BA;Carinhanha;27948.0;28869.0;921.0
SP;Presidente Bernardes;13570.0;14490.0;920.0
RS;Palmitinho;6920.0;7839.0;919.0
CE;Tururu;14495.0;15412.0;917.0
SC;Ascurra;7403.0;8319.0;916.0
ES;Santa Leopoldina;12191.0;13106.0;915.0
SE;Salgado;19365.0;20279.0;914.0
PE;Jucati;10604.0;11517.0;913.0
SP;Piracaia;25116.0;26029.0;913.0
MG;Matipó;17639.0;18552.0;913.0
MG;Cristais;11286.0;12197.0;911.0
RS;Rodeio Bonito;5743.0;6654.0;911.0
PR;Pato Bragado;4822.0;5733.0;911.0
SP;Lavínia;8779.0;9689.0;910.0
RS;Igrejinha;31899.0;32808.0;909.0
CE;Itatira;19516.0;20424.0;908.0
BA;Tanhaçu;20105.0;21006.0;901.0
MG;Teixeiras;11355.0;12255.0;900.0
PA;Pau D'Arco;6033.0;6931.0;898.0
BA;Tanque Novo;16261.0;17158.0;897.0
MA;Lagoa Grande do Maranhão;10517.0;11411.0;894.0
SC;Botuverá;4470.0;5363.0;893.0
SP;Adamantina;33797.0;34687.0;890.0
RJ;Quatis;12793.0;13682.0;889.0
GO;Nova Crixás;11927.0;12815.0;888.0
SP;Onda Verde;3884.0;4771.0;887.0
PR;Mercedes;5046.0;5931.0;885.0
SE;Capela;30761.0;31645.0;884.0
SC;Pescaria Brava;9307.0;10190.0;883.0
RS;São José dos Ausentes;3290.0;4172.0;882.0
MG;Pirajuba;4656.0;5537.0;881.0
SC;Nova Erechim;4275.0;5155.0;880.0
SP;Manduri;8992.0;9871.0;879.0
AM;Anori;16317.0;17194.0;877.0
GO;Rubiataba;18915.0;19788.0;873.0
PR;Maripá;5684.0;6555.0;871.0
BA;São Félix do Coribe;14326.0;15194.0;868.0
SP;Vargem Grande do Sul;39266.0;40133.0;867.0
AL;Porto de Pedras;8429.0;9295.0;866.0
MT;Novo São Joaquim;6054.0;6919.0;865.0
AP;Ferreira Gomes;5802.0;6666.0;864.0
PR;Ivaiporã;31856.0;32720.0;864.0
PB;Sobrado;7373.0;8236.0;863.0
CE;Uruoca;12883.0;13746.0;863.0
MG;Lambari;19554.0;20414.0;860.0
SP;Parisi;2032.0;2892.0;860.0
PE;Feira Nova;20571.0;21427.0;856.0
MG;Alfredo Vasconcelos;6075.0;6931.0;856.0
PB;Logradouro;3942.0;4797.0;855.0
PE;Floresta;29285.0;30137.0;852.0
PI;São João do Arraial;7336.0;8186.0;850.0
MG;Cachoeira de Minas;11034.0;11883.0;849.0
SP;Tuiuti;5930.0;6778.0;848.0
AM;Envira;16338.0;17186.0;848.0
SP;Sales Oliveira;10568.0;11411.0;843.0
PB;Itaporanga;23098.0;23940.0;842.0
SP;Bofete;9618.0;10460.0;842.0
CE;Jardim;26574.0;27411.0;837.0
PB;Mataraca;7407.0;8244.0;837.0
SP;Bernardino de Campos;10775.0;11607.0;832.0
MS;Juti;5897.0;6729.0;832.0
MG;Funilândia;3855.0;4686.0;831.0
PB;Caaporã;20362.0;21193.0;831.0
PB;Lucena;11730.0;12560.0;830.0
SP;Tietê;36835.0;37663.0;828.0
PR;Mauá da Serra;8555.0;9383.0;828.0
SP;Piedade;52143.0;52970.0;827.0
MG;Piranguçu;5217.0;6041.0;824.0
RS;Bom Retiro do Sul;11472.0;12294.0;822.0
PB;Montadas;4990.0;5812.0;822.0
RJ;Aperibé;10213.0;11034.0;821.0
CE;Guaiúba;23504.0;24325.0;821.0
SP;Dobrada;7939.0;8759.0;820.0
PE;Venturosa;16433.0;17251.0;818.0
SP;Ipeúna;6016.0;6831.0;815.0
RS;Casca;8651.0;9465.0;814.0
MG;Bambuí;22734.0;23546.0;812.0
MG;Morada Nova de Minas;8255.0;9067.0;812.0
PR;Ortigueira;23380.0;24192.0;812.0
BA;Santa Terezinha;9629.0;10441.0;812.0
MG;Brasília de Minas;31213.0;32025.0;812.0
PE;Tracunhaém;13055.0;13867.0;812.0
RS;Nova Bassano;8840.0;9649.0;809.0
MS;Itaquiraí;18614.0;19423.0;809.0
MA;João Lisboa;23900.0;24709.0;809.0
GO;Ipameri;24740.0;25548.0;808.0
GO;Aruanã;7496.0;8300.0;804.0
SP;Nova Aliança;5891.0;6693.0;802.0
MG;Jeceaba;5395.0;6197.0;802.0
PA;Sapucaia;5047.0;5847.0;800.0
MT;Santa Rita do Trivelato;2477.0;3276.0;799.0
MS;Jaraguari;6341.0;7139.0;798.0
RJ;Japeri;95492.0;96289.0;797.0
RS;Campo Bom;62091.0;62886.0;795.0
SP;Ibirá;10896.0;11690.0;794.0
PI;Cajueiro da Praia;7163.0;7957.0;794.0
SP;Adolfo;3557.0;4351.0;794.0
RJ;Paraíba do Sul;41269.0;42063.0;794.0
MG;Brasilândia de Minas;14226.0;15020.0;794.0
CE;Ipu;40292.0;41081.0;789.0
RS;Pareci Novo;3530.0;4319.0;789.0
SP;Teodoro Sampaio;21386.0;22173.0;787.0
SP;Pariquera-Açu;18446.0;19233.0;787.0
PA;Santo Antônio do Tauá;26674.0;27461.0;787.0
PR;Rio Bonito do Iguaçu;13143.0;13929.0;786.0
RN;Encanto;5231.0;6016.0;785.0
MG;Tiradentes;6961.0;7744.0;783.0
RS;Parobé;51275.0;52058.0;783.0
MG;Itamonte;14003.0;14786.0;783.0
BA;Cipó;16449.0;17230.0;781.0
RS;Tenente Portela;13719.0;14497.0;778.0
ES;Bom Jesus do Norte;9476.0;10254.0;778.0
PR;Astorga;24698.0;25475.0;777.0
SP;Pedra Bela;5780.0;6557.0;777.0
MG;Santa Bárbara do Leste;7682.0;8458.0;776.0
SC;Quilombo;10248.0;11022.0;774.0
BA;Barrocas;14429.0;15203.0;774.0
MG;Itamarandiba;32175.0;32948.0;773.0
MG;Ninheira;9815.0;10588.0;773.0
GO;Carmo do Rio Verde;8938.0;9710.0;772.0
BA;Anguera;10259.0;11031.0;772.0
MG;Cruzília;14591.0;15362.0;771.0
GO;Montes Claros de Goiás;7985.0;8756.0;771.0
MA;Morros;17783.0;18554.0;771.0
MT;Nova Santa Helena;3468.0;4239.0;771.0
RS;Glorinha;6891.0;7658.0;767.0
RJ;Nova Iguaçu;785102.0;785867.0;765.0
PR;Iporã;14981.0;15746.0;765.0
MG;São João Batista do Glória;6887.0;7652.0;765.0
MT;General Carneiro;5272.0;6037.0;765.0
CE;Groaíras;10147.0;10910.0;763.0
SP;Arandu;6123.0;6885.0;762.0
MG;Planura;10384.0;11145.0;761.0
MT;Santa Cruz do Xingu;1900.0;2661.0;761.0
MA;Brejo;33359.0;34120.0;761.0
MS;Paranaíba;40197.0;40957.0;760.0
MT;Itiquira;11478.0;12236.0;758.0
RN;Lagoa Salgada;7564.0;8319.0;755.0
SC;Campo Alegre;11748.0;12501.0;753.0
PA;São Domingos do Capim;29846.0;30599.0;753.0
SP;Santo Antônio do Aracanguá;7626.0;8379.0;753.0
MS;Rio Verde de Mato Grosso;19066.0;19818.0;752.0
MG;Piraúba;10862.0;11610.0;748.0
RS;Três Cachoeiras;10217.0;10962.0;745.0
MA;Anajatuba;24579.0;25322.0;743.0
GO;Brazabrantes;3251.0;3992.0;741.0
RN;Rafael Fernandes;4692.0;5432.0;740.0
MA;Amapá do Maranhão;6431.0;7170.0;739.0
RJ;Santo Antônio de Pádua;40589.0;41325.0;736.0
PR;Guapirama;3891.0;4626.0;735.0
MA;Pastos Bons;18067.0;18802.0;735.0
MG;Campo Belo;51544.0;52277.0;733.0
BA;Varzedo;9183.0;9913.0;730.0
MT;Cocalinho;5490.0;6220.0;730.0
BA;Glória;14795.0;15524.0;729.0
MG;Jequitibá;5156.0;5883.0;727.0
MS;Inocência;7677.0;8404.0;727.0
RS;Barão;5735.0;6461.0;726.0
SE;Nossa Senhora Aparecida;8508.0;9232.0;724.0
MT;São José do Xingu;5240.0;5964.0;724.0
TO;Tocantínia;6736.0;7459.0;723.0
GO;Porteirão;3347.0;4070.0;723.0
MG;Luisburgo;6234.0;6956.0;722.0
PR;Planalto;13654.0;14374.0;720.0
SE;Indiaroba;15831.0;16549.0;718.0
SP;Meridiano;3855.0;4572.0;717.0
SC;Siderópolis;12998.0;13714.0;716.0
PI;Marcolândia;7819.0;8533.0;714.0
RN;Tenente Laurentino Cruz;5177.0;5891.0;714.0
MG;Pirapetinga;10364.0;11077.0;713.0
MG;Iraí de Minas;6467.0;7180.0;713.0
BA;Cristópolis;13280.0;13993.0;713.0
MG;Recreio;10299.0;11007.0;708.0
MG;Dores de Campos;9299.0;10007.0;708.0
CE;Várzea Alegre;38276.0;38984.0;708.0
GO;São Miguel do Passa Quatro;3757.0;4464.0;707.0
SC;Trombudo Central;6567.0;7274.0;707.0
BA;Ipupiara;9229.0;9935.0;706.0
SP;Ubirajara;4427.0;5132.0;705.0
SP;Jeriquara;3160.0;3863.0;703.0
SP;Descalvado;31056.0;31756.0;700.0
MA;Milagres do Maranhão;8118.0;8818.0;700.0
RJ;Rio Bonito;55576.0;56276.0;700.0
RS;Capela de Santana;10462.0;11159.0;697.0
PR;Nova Santa Rosa;7626.0;8322.0;696.0
SC;Urussanga;20223.0;20919.0;696.0
PB;Caturité;4563.0;5254.0;691.0
PB;Triunfo;9201.0;9892.0;691.0
BA;Governador Mangabeira;19916.0;20605.0;689.0
PA;Rio Maria;17697.0;18384.0;687.0
MG;Matias Barbosa;13435.0;14121.0;686.0
GO;Marzagão;2072.0;2758.0;686.0
RO;Espigão D'Oeste;28729.0;29414.0;685.0
PR;Prudentópolis;48709.0;49393.0;684.0
PB;Mogeiro;13219.0;13899.0;680.0
MS;Dois Irmãos do Buriti;10423.0;11100.0;677.0
PR;Quatro Pontes;3803.0;4480.0;677.0
MG;Crucilândia;4757.0;5434.0;677.0
MA;Capinzal do Norte;10698.0;11374.0;676.0
PB;Boqueirão;16922.0;17598.0;676.0
SC;Rio do Oeste;7072.0;7747.0;675.0
CE;Carnaubal;16537.0;17210.0;673.0
CE;Penaforte;8299.0;8972.0;673.0
PI;Nossa Senhora de Nazaré;4556.0;5228.0;672.0
BA;Serrolândia;12664.0;13335.0;671.0
SP;Santa Albertina;5723.0;6393.0;670.0
GO;Vila Propício;5145.0;5815.0;670.0
SE;Estância;64409.0;65078.0;669.0
PA;Almeirim;33614.0;34280.0;666.0
SC;Irani;9531.0;10195.0;664.0
BA;Ibotirama;25645.0;26309.0;664.0
SP;Águas de Lindóia;17266.0;17930.0;664.0
SP;São Roque;78821.0;79484.0;663.0
SP;Martinópolis;24219.0;24881.0;662.0
TO;Divinópolis do Tocantins;6363.0;7024.0;661.0
SC;Witmarsum;3596.0;4255.0;659.0
SP;Marapoama;2633.0;3292.0;659.0
PB;Sertãozinho;4395.0;5054.0;659.0
MG;Estiva;10845.0;11502.0;657.0
MG;Prados;8391.0;9048.0;657.0
CE;Santana do Acaraú;29972.0;30628.0;656.0
SE;Frei Paulo;13874.0;14530.0;656.0
PI;Luzilândia;24721.0;25375.0;654.0
SP;Pirapozinho;24694.0;25348.0;654.0
PR;Porto Rico;2530.0;3182.0;652.0
MG;Desterro de Entre Rios;7002.0;7653.0;651.0
MA;Luís Domingues;6510.0;7161.0;651.0
BA;Itagi;13152.0;13803.0;651.0
SE;Feira Nova;5324.0;5975.0;651.0
PR;Entre Rios do Oeste;3926.0;4575.0;649.0
SP;Santo Antônio do Pinhal;6486.0;7133.0;647.0
MG;Pedra Bonita;6673.0;7320.0;647.0
SE;Santa Luzia do Itanhy;12969.0;13616.0;647.0
PE;São José da Coroa Grande;18180.0;18825.0;645.0
TO;Aparecida do Rio Negro;4213.0;4856.0;643.0
BA;Caldeirão Grande;12438.0;13080.0;642.0
RS;Santo Ângelo;76275.0;76917.0;642.0
MS;Rochedo;4557.0;5199.0;642.0
SC;Itá;6426.0;7067.0;641.0
PR;Califórnia;8069.0;8710.0;641.0
MG;Lassance;6484.0;7124.0;640.0
SP;Colômbia;5994.0;6629.0;635.0
RS;Constantina;9752.0;10385.0;633.0
CE;Martinópole;10214.0;10846.0;632.0
MG;São Tiago;10561.0;11192.0;631.0
MA;Santa Luzia do Paruá;23676.0;24307.0;631.0
PE;Ibimirim;25965.0;26593.0;628.0
BA;Canápolis;9597.0;10225.0;628.0
MG;Catas Altas;4846.0;5473.0;627.0
PB;Serra Branca;12987.0;13614.0;627.0
RN;Brejinho;11577.0;12202.0;625.0
SP;Itirapina;15524.0;16148.0;624.0
SP;Redenção da Serra;3873.0;4494.0;621.0
RS;Barão de Cotegipe;6526.0;7144.0;618.0
TO;Santa Fé do Araguaia;6599.0;7216.0;617.0
CE;Catunda;9828.0;10444.0;616.0
PI;Campo Maior;45177.0;45793.0;616.0
PI;Campo Largo do Piauí;6803.0;7419.0;616.0
MG;Bonfim;6818.0;7434.0;616.0
MG;Abre Campo;13311.0;13927.0;616.0
MG;Congonhal;10468.0;11083.0;615.0
MG;Coroaci;10270.0;10884.0;614.0
MG;Alvorada de Minas;3546.0;4159.0;613.0
RS;Três Coroas;23812.0;24425.0;613.0
SP;Rifaina;3436.0;4049.0;613.0
MS;Figueirão;2928.0;3539.0;611.0
MG;Mirabela;13042.0;13651.0;609.0
PI;Boa Hora;6296.0;6902.0;606.0
MG;Bandeira do Sul;5338.0;5943.0;605.0
BA;Barra do Mendes;13233.0;13836.0;603.0
PA;Bannach;3431.0;4031.0;600.0
MG;Maripá de Minas;2788.0;3387.0;599.0
SC;Tigrinhos;1730.0;2329.0;599.0
MT;Araguaiana;3197.0;3795.0;598.0
AL;Ouro Branco;10848.0;11446.0;598.0
SC;Ipumirim;7220.0;7816.0;596.0
PR;Japurá;8549.0;9144.0;595.0
SC;Erval Velho;4290.0;4885.0;595.0
CE;Ararendá;10501.0;11096.0;595.0
AL;São José da Tapera;30009.0;30604.0;595.0
RS;Fazenda Vilanova;3697.0;4291.0;594.0
RS;Presidente Lucena;2484.0;3077.0;593.0
MS;Tacuru;10215.0;10808.0;593.0
PR;Missal;10474.0;11064.0;590.0
BA;Bonito;15254.0;15844.0;590.0
TO;Araguatins;31329.0;31918.0;589.0
SP;São Miguel Arcanjo;31450.0;32039.0;589.0
ES;São Domingos do Norte;8001.0;8589.0;588.0
MG;Bom Jesus da Penha;3887.0;4474.0;587.0
GO;Turvelândia;4399.0;4985.0;586.0
RN;Upanema;12992.0;13577.0;585.0
AL;Carneiros;8415.0;8999.0;584.0
TO;Lajeado;2773.0;3357.0;584.0
MG;Caldas;13633.0;14217.0;584.0
BA;Canudos;15522.0;16105.0;583.0
PA;Primavera;10268.0;10851.0;583.0
SP;Lavrinhas;6590.0;7171.0;581.0
SC;Petrolândia;6136.0;6716.0;580.0
MG;Marliéria;4012.0;4592.0;580.0
PI;Buriti dos Lopes;19074.0;19654.0;580.0
MT;Nova Marilândia;2949.0;3529.0;580.0
SC;Rio dos Cedros;10286.0;10865.0;579.0
MA;Mirador;20452.0;21030.0;578.0
MG;Três Marias;28318.0;28895.0;577.0
SC;Braço do Trombudo;3451.0;4026.0;575.0
SP;Nuporanga;6817.0;7391.0;574.0
PB;Riachão do Poço;4164.0;4738.0;574.0
GO;Cristianópolis;2932.0;3504.0;572.0
MG;Pedra Azul;23839.0;24410.0;571.0
MS;Paranhos;12350.0;12921.0;571.0
SP;Macatuba;16259.0;16829.0;570.0
PE;Chã de Alegria;12414.0;12984.0;570.0
MA;Serrano do Maranhão;9632.0;10202.0;570.0
SP;Guaiçara;10670.0;11239.0;569.0
MA;Tutóia;52788.0;53356.0;568.0
MG;Japaraíba;3939.0;4506.0;567.0
ES;Divino de São Lourenço;4516.0;5083.0;567.0
GO;Rio Quente;3298.0;3864.0;566.0
MG;Pedra Dourada;2191.0;2757.0;566.0
RR;São Luiz;6750.0;7315.0;565.0
MA;São Benedito do Rio Preto;17799.0;18364.0;565.0
BA;Iuiu;10553.0;11118.0;565.0
ES;Ibitirama;8957.0;9520.0;563.0
RN;Carnaúba dos Dantas;7429.0;7992.0;563.0
MT;Colíder;30807.0;31370.0;563.0
RS;Itaara;5010.0;5572.0;562.0
MG;Imbé de Minas;6424.0;6986.0;562.0
MA;Água Doce do Maranhão;11581.0;12142.0;561.0
BA;Belo Campo;17851.0;18412.0;561.0
PR;Tibagi;19403.0;19961.0;558.0
PB;Assunção;3594.0;4152.0;558.0
TO;Darcinópolis;5273.0;5827.0;554.0
SP;Alfredo Marcondes;3891.0;4445.0;554.0
PE;Cupira;22964.0;23518.0;554.0
PB;Baraúna;4210.0;4762.0;552.0
PA;Faro;8177.0;8728.0;551.0
MG;Monte Alegre de Minas;19619.0;20170.0;551.0
MG;Conceição da Aparecida;9820.0;10371.0;551.0
MA;Formosa da Serra Negra;17169.0;17719.0;550.0
SP;Santa Ernestina;5568.0;6118.0;550.0
AC;Rodrigues Alves;14389.0;14938.0;549.0
GO;Cezarina;7542.0;8090.0;548.0
PR;Colorado;22349.0;22896.0;547.0
GO;Serranópolis;7481.0;8027.0;546.0
SP;Canas;4385.0;4931.0;546.0
SP;Taciba;5714.0;6260.0;546.0
ES;Ibiraçu;11178.0;11723.0;545.0
RS;Tio Hugo;2724.0;3267.0;543.0
MG;Córrego do Bom Jesus;3730.0;4272.0;542.0
RS;Terra de Areia;9793.0;10334.0;541.0
TO;Buriti do Tocantins;9768.0;10307.0;539.0
PE;Fernando de Noronha;2630.0;3167.0;537.0
MA;Matões;31638.0;32174.0;536.0
SC;Rancho Queimado;2744.0;3279.0;535.0
SP;Monte Aprazível;21746.0;22280.0;534.0
RN;Grossos;9393.0;9924.0;531.0
SC;Faxinal dos Guedes;10661.0;11192.0;531.0
MG;Belo Oriente;23397.0;23928.0;531.0
SC;Laguna;42255.0;42785.0;530.0
MG;Carmo do Rio Claro;20426.0;20954.0;528.0
SP;Pratânia;4599.0;5126.0;527.0
PI;Batalha;25774.0;26300.0;526.0
MG;Ouro Fino;31568.0;32094.0;526.0
MG;Dores do Turvo;4462.0;4987.0;525.0
TO;Mateiros;2223.0;2748.0;525.0
PR;Jaboti;4902.0;5427.0;525.0
PB;Algodão de Jandaíra;2429.0;2953.0;524.0
GO;Aporé;3803.0;4325.0;522.0
PI;Cristino Castro;9981.0;10503.0;522.0
PR;Santa Cruz de Monte Castelo;8092.0;8613.0;521.0
PI;Bonfim do Piauí;5393.0;5913.0;520.0
MG;Moema;7028.0;7548.0;520.0
MG;Careaçu;6298.0;6816.0;518.0
RJ;Carapebus;13330.0;13847.0;517.0
MS;Glória de Dourados;9927.0;10444.0;517.0
PB;Marizópolis;6188.0;6705.0;517.0
BA;Baianópolis;13100.0;13614.0;514.0
TO;Campos Lindos;8139.0;8653.0;514.0
CE;Solonópole;17665.0;18179.0;514.0
SP;Santa Clara d'Oeste;2084.0;2598.0;514.0
MG;Lagoa Dourada;12256.0;12769.0;513.0
RN;Bom Jesus;9440.0;9952.0;512.0
CE;Varjota;17593.0;18105.0;512.0
PA;São João do Araguaia;13155.0;13664.0;509.0
MG;São João Nepomuceno;25057.0;25565.0;508.0
MG;Gonçalves;4220.0;4727.0;507.0
GO;Colinas do Sul;3523.0;4030.0;507.0
SC;Dona Emma;3715.0;4221.0;506.0
PB;Areial;6624.0;7128.0;504.0
MG;Entre Rios de Minas;14242.0;14746.0;504.0
MG;Conceição dos Ouros;10377.0;10880.0;503.0
MT;Alto Boa Vista;5212.0;5715.0;503.0
SC;Treze de Maio;6859.0;7362.0;503.0
RS;Horizontina;18348.0;18851.0;503.0
PI;Curimatá;10768.0;11270.0;502.0
MG;Campanha;15433.0;15935.0;502.0
PI;Cocal dos Alves;5885.0;6386.0;501.0
MG;Bonito de Minas;9703.0;10204.0;501.0
SP;Mirandópolis;27483.0;27983.0;500.0
SP;Itobi;7546.0;8046.0;500.0
BA;Dom Macedo Costa;3907.0;4407.0;500.0
MG;Fronteira;14041.0;14540.0;499.0
PR;Doutor Camargo;5828.0;6327.0;499.0
BA;Quixabeira;8962.0;9461.0;499.0
PR;Nova Esperança do Sudoeste;5098.0;5597.0;499.0
MG;Itumirim;6139.0;6638.0;499.0
PR;Brasilândia do Sul;3209.0;3708.0;499.0
MG;Alto Caparaó;5297.0;5795.0;498.0
GO;Caturaí;4686.0;5184.0;498.0
MS;Aral Moreira;10251.0;10748.0;497.0
MA;Boa Vista do Gurupi;7078.0;7574.0;496.0
MS;Bodoquena;8072.0;8567.0;495.0
MT;Santo Antônio do Leverger;14751.0;15246.0;495.0
PB;Maturéia;5939.0;6433.0;494.0
MG;Curral de Dentro;6913.0;7406.0;493.0
BA;Retirolândia;13159.0;13651.0;492.0
CE;Alcântaras;10877.0;11369.0;492.0
GO;Taquaral de Goiás;3534.0;4026.0;492.0
GO;Caçu;13283.0;13774.0;491.0
PI;Gilbués;10402.0;10892.0;490.0
MT;Nobres;15002.0;15492.0;490.0
RJ;Comendador Levy Gasparian;8254.0;8741.0;487.0
BA;Presidente Dutra;14643.0;15130.0;487.0
MG;Rosário da Limeira;4247.0;4734.0;487.0
CE;Uruburetama;19703.0;20189.0;486.0
MG;Senador Firmino;7230.0;7716.0;486.0
SP;Ilha Solteira;25064.0;25549.0;485.0
BA;Abaré;17155.0;17639.0;484.0
GO;Urutaí;3070.0;3553.0;483.0
RN;Florânia;9713.0;10196.0;483.0
MS;Terenos;17169.0;17652.0;483.0
SC;São José do Cedro;13684.0;14167.0;483.0
MG;Rio Piracicaba;14149.0;14631.0;482.0
MG;Barroso;19599.0;20080.0;481.0
GO;Edéia;11266.0;11747.0;481.0
GO;Aparecida do Rio Doce;2427.0;2907.0;480.0
CE;Palhano;8866.0;9346.0;480.0
MA;Conceição do Lago-Açu;14436.0;14915.0;479.0
RS;Quaraí;23021.0;23500.0;479.0
MG;Inhaúma;5760.0;6239.0;479.0
GO;Damianópolis;3292.0;3770.0;478.0
PB;Teixeira;14153.0;14631.0;478.0
SE;Muribeca;7344.0;7822.0;478.0
SC;Herval d'Oeste;21246.0;21724.0;478.0
SP;Nipoã;4274.0;4750.0;476.0
MG;São Brás do Suaçuí;3513.0;3989.0;476.0
CE;Quixeré;20401.0;20874.0;473.0
PB;Jacaraú;14004.0;14477.0;473.0
CE;Ocara;24020.0;24493.0;473.0
BA;Lençóis;10302.0;10774.0;472.0
SP;Santo Antônio da Alegria;6304.0;6775.0;471.0
RN;Jardim de Piranhas;13506.0;13977.0;471.0
ES;São José do Calçado;10408.0;10878.0;470.0
PI;Brasileira;7966.0;8436.0;470.0
MA;Governador Newton Bello;10245.0;10713.0;468.0
MA;São Bernardo;26476.0;26943.0;467.0
PA;Mocajuba;26731.0;27198.0;467.0
GO;Jussara;19153.0;19620.0;467.0
PI;Lagoa do Barro do Piauí;4530.0;4995.0;465.0
PR;São Jorge do Patrocínio;6041.0;6504.0;463.0
RJ;Guapimirim;51233.0;51696.0;463.0
SP;Alumínio;16839.0;17301.0;462.0
PI;Boqueirão do Piauí;6083.0;6545.0;462.0
RJ;Magé;227667.0;228127.0;460.0
TO;Ananás;9865.0;10325.0;460.0
GO;Itaguari;4503.0;4963.0;460.0
SP;Cajuru;23371.0;23830.0;459.0
PB;Uiraúna;14472.0;14930.0;458.0
PE;Carnaubeira da Penha;11782.0;12239.0;457.0
PI;Caxingó;5039.0;5496.0;457.0
SP;Queiroz;2808.0;3265.0;457.0
SP;Mombuca;3266.0;3722.0;456.0
MG;Medeiros;3444.0;3900.0;456.0
MG;São Sebastião do Anta;5739.0;6194.0;455.0
TO;Formoso do Araguaia;18427.0;18881.0;454.0
SP;Tupã;63476.0;63928.0;452.0
SP;Charqueada;15085.0;15535.0;450.0
MT;Planalto da Serra;2716.0;3166.0;450.0
PB;Brejo do Cruz;13163.0;13613.0;450.0
PE;Itaquitinga;16105.0;16554.0;449.0
RS;Getúlio Vargas;16154.0;16602.0;448.0
SP;Guareí;14565.0;15013.0;448.0
PB;Pocinhos;17022.0;17469.0;447.0
SP;Boracéia;4268.0;4715.0;447.0
SP;Guararapes;30597.0;31043.0;446.0
RS;Pinhal;2513.0;2959.0;446.0
GO;Piranhas;11266.0;11712.0;446.0
MT;Itaúba;4575.0;5020.0;445.0
MG;São Roque de Minas;6686.0;7129.0;443.0
CE;Tabuleiro do Norte;30209.0;30652.0;443.0
RN;Campo Grande;9289.0;9730.0;441.0
RS;Vila Flores;3207.0;3646.0;439.0
PR;Serranópolis do Iguaçu;4568.0;5007.0;439.0
PB;Esperança;30792.0;31231.0;439.0
MG;Divisa Alegre;5884.0;6321.0;437.0
SE;Macambira;6401.0;6838.0;437.0
MG;Guaranésia;18714.0;19150.0;436.0
MG;Moeda;4689.0;5125.0;436.0
MT;Serra Nova Dourada;1365.0;1800.0;435.0
TO;Pium;6694.0;7128.0;434.0
PE;Orocó;13180.0;13613.0;433.0
MG;Inimutaba;6939.0;7371.0;432.0
MG;Poço Fundo;15959.0;16390.0;431.0
PA;Peixe-Boi;7854.0;8285.0;431.0
MG;Chalé;5645.0;6075.0;430.0
MG;Taquaraçu de Minas;3794.0;4224.0;430.0
CE;Mauriti;45132.0;45561.0;429.0
PE;Primavera;13409.0;13838.0;429.0
SP;Herculândia;8696.0;9125.0;429.0
RS;Maquiné;6989.0;7418.0;429.0
MG;Ipaba;16708.0;17136.0;428.0
PI;Campo Grande do Piauí;5592.0;6020.0;428.0
TO;Alvorada;8374.0;8802.0;428.0
MA;São Domingos do Maranhão;33607.0;34034.0;427.0
RN;Lagoa d'Anta;6227.0;6654.0;427.0
SP;Caiuá;5039.0;5466.0;427.0
PB;Riachão do Bacamarte;4264.0;4690.0;426.0
SP;Itapirapuã Paulista;3880.0;4306.0;426.0
SP;Palestina;11051.0;11476.0;425.0
BA;Conceição da Feira;20375.0;20800.0;425.0
SP;Iacanga;10013.0;10437.0;424.0
MA;Presidente Dutra;44731.0;45155.0;424.0
MG;Oratórios;4493.0;4917.0;424.0
MG;Itamogi;10349.0;10770.0;421.0
SP;Borebi;2293.0;2713.0;420.0
RS;Arambaré;3693.0;4112.0;419.0
GO;Avelinópolis;2450.0;2868.0;418.0
MS;Japorã;7731.0;8148.0;417.0
AL;Taquarana;18615.0;19032.0;417.0
SE;Nossa Senhora das Dores;24580.0;24996.0;416.0
RS;Cerro Largo;13289.0;13705.0;416.0
MG;Tarumirim;14293.0;14709.0;416.0
CE;Croatá;17066.0;17481.0;415.0
SP;Barão de Antonina;3116.0;3531.0;415.0
PR;Ivaí;12815.0;13229.0;414.0
PE;Brejinho;7307.0;7720.0;413.0
RN;Senador Elói de Souza;5553.0;5965.0;412.0
BA;Wanderley;12558.0;12968.0;410.0
MG;Simão Pereira;2537.0;2947.0;410.0
CE;Chorozinho;19753.0;20163.0;410.0
CE;Senador Sá;6852.0;7262.0;410.0
PE;Chã Grande;20137.0;20546.0;409.0
MG;Japonvar;7718.0;8127.0;409.0
PB;Cacimbas;6814.0;7223.0;409.0
RJ;Varre-Sai;9798.0;10207.0;409.0
SP;Fernando Prestes;5534.0;5942.0;408.0
SC;Jupiá;2148.0;2555.0;407.0
MS;Vicentina;5929.0;6336.0;407.0
MA;Fortaleza dos Nogueiras;12234.0;12640.0;406.0
TO;Ponte Alta do Tocantins;7180.0;7586.0;406.0
MG;Santana do Manhuaçu;8582.0;8987.0;405.0
PR;Cidade Gaúcha;11062.0;11467.0;405.0
ES;Atílio Vivácqua;10135.0;10540.0;405.0
RJ;Areal;11423.0;11828.0;405.0
BA;Nova Fátima;7563.0;7967.0;404.0
GO;Santa Bárbara de Goiás;5746.0;6149.0;403.0
RJ;Rio das Flores;8552.0;8954.0;402.0
SC;Rio Fortuna;4446.0;4847.0;401.0
SC;Águas Frias;2439.0;2839.0;400.0
SP;Bocaina;10859.0;11259.0;400.0
TO;Sandolândia;3326.0;3723.0;397.0
MA;Olinda Nova do Maranhão;13181.0;13577.0;396.0
CE;Monsenhor Tabosa;16753.0;17149.0;396.0
PR;Marilena;6858.0;7253.0;395.0
MT;Ribeirãozinho;2199.0;2593.0;394.0
MG;Durandé;7423.0;7817.0;394.0
MG;Goianá;3659.0;4053.0;394.0
SP;Silveiras;5792.0;6186.0;394.0
MG;Inconfidentes;6908.0;7301.0;393.0
ES;São Gabriel da Palha;31859.0;32252.0;393.0
PI;Pedro II;37502.0;37894.0;392.0
RS;Boa Vista do Buricá;6574.0;6966.0;392.0
PB;Lagoa de Dentro;7428.0;7819.0;391.0
PR;Guairaçá;6197.0;6587.0;390.0
RS;Camargo;2592.0;2981.0;389.0
BA;Mulungu do Morro;12763.0;13152.0;389.0
MG;Luz;17486.0;17875.0;389.0
RN;Major Sales;3536.0;3924.0;388.0
MG;Fortuna de Minas;2705.0;3093.0;388.0
SP;Campina do Monte Alegre;5567.0;5954.0;387.0
MG;Ponte Nova;57390.0;57776.0;386.0
MG;Carandaí;23427.0;23812.0;385.0
SC;Entre Rios;3018.0;3402.0;384.0
MA;Axixá;11407.0;11790.0;383.0
PR;Campo do Tenente;7125.0;7508.0;383.0
PB;São José dos Ramos;5508.0;5891.0;383.0
AP;Tartarugalzinho;12563.0;12945.0;382.0
RS;Paraí;6812.0;7194.0;382.0
SP;Panorama;14583.0;14964.0;381.0
PI;Dirceu Arcoverde;6675.0;7054.0;379.0
RN;Tenente Ananias;9883.0;10262.0;379.0
MG;Rubim;9919.0;10298.0;379.0
MG;Piedade dos Gerais;4640.0;5019.0;379.0
PR;Ângulo;2859.0;3235.0;376.0
ES;Vargem Alta;19188.0;19563.0;375.0
SC;Anitápolis;3218.0;3593.0;375.0
MT;Conquista D'Oeste;3385.0;3760.0;375.0
SP;Mirassolândia;4295.0;4669.0;374.0
SP;Guaraci;9976.0;10350.0;374.0
GO;Campestre de Goiás;3382.0;3755.0;373.0
SP;Itaju;3246.0;3618.0;372.0
MA;Dom Pedro;22681.0;23053.0;372.0
AL;Barra de São Miguel;7574.0;7944.0;370.0
MG;Jesuânia;4768.0;5138.0;370.0
MS;Anastácio;23744.0;24114.0;370.0
TO;Goiatins;12064.0;12433.0;369.0
RJ;São José de Ubá;6702.0;7070.0;368.0
CE;Acarape;13661.0;14027.0;366.0
MG;Dom Joaquim;4535.0;4899.0;364.0
GO;Sanclerlândia;7554.0;7918.0;364.0
SP;Quatá;12799.0;13163.0;364.0
RS;Coronel Barros;2459.0;2822.0;363.0
MG;Tocantins;15823.0;16185.0;362.0
GO;Alvorada do Norte;8084.0;8446.0;362.0
BA;Novo Horizonte;10801.0;11162.0;361.0
RN;Itajá;6932.0;7292.0;360.0
PI;Ilha Grande;8914.0;9274.0;360.0
PB;Bernardino Batista;3145.0;3504.0;359.0
SP;Ribeirão Branco;18269.0;18627.0;358.0
RJ;Cardoso Moreira;12600.0;12958.0;358.0
SP;Icém;7462.0;7819.0;357.0
BA;São José do Jacuípe;9830.0;10187.0;357.0
SP;Zacarias;2335.0;2692.0;357.0
SP;Osvaldo Cruz;30917.0;31272.0;355.0
SP;Guatapará;6966.0;7320.0;354.0
MG;Nova União;5555.0;5909.0;354.0
TO;Barra do Ouro;4123.0;4476.0;353.0
MG;Pouso Alto;6213.0;6566.0;353.0
SP;Rafard;8612.0;8965.0;353.0
RJ;Cordeiro;20430.0;20783.0;353.0
RS;São José do Hortêncio;4094.0;4447.0;353.0
SC;Nova Veneza;13312.0;13664.0;352.0
MT;Santo Antônio do Leste;3748.0;4099.0;351.0
TO;Sampaio;3864.0;4215.0;351.0
PR;Pinhalão;6215.0;6566.0;351.0
SE;Carmópolis;13503.0;13853.0;350.0
RN;Lagoa de Pedras;6989.0;7338.0;349.0
SP;Campos Novos Paulista;4539.0;4888.0;349.0
SP;Orindiúva;5675.0;6024.0;349.0
SC;Pinheiro Preto;3127.0;3473.0;346.0
AL;Pariconha;10227.0;10573.0;346.0
MA;Presidente Sarney;17165.0;17511.0;346.0
TO;São Félix do Tocantins;1437.0;1783.0;346.0
RS;Chuí;5917.0;6262.0;345.0
SC;Cunha Porã;10609.0;10953.0;344.0
CE;Pires Ferreira;10263.0;10606.0;343.0
AM;Codajás;23206.0;23549.0;343.0
MA;Alto Parnaíba;10766.0;11109.0;343.0
MG;Córrego Fundo;5790.0;6133.0;343.0
MG;Bocaina de Minas;5007.0;5348.0;341.0
PB;Aparecida;7620.0;7960.0;340.0
PB;Malta;5706.0;6046.0;340.0
SP;Reginópolis;7323.0;7662.0;339.0
PB;Alcantil;5239.0;5578.0;339.0
GO;Santa Terezinha de Goiás;10306.0;10645.0;339.0
MG;Lagoa Grande;8631.0;8969.0;338.0
PR;Rebouças;14176.0;14514.0;338.0
MG;São José da Varginha;4198.0;4536.0;338.0
PB;Juarez Távora;7459.0;7796.0;337.0
PB;Camalaú;5749.0;6085.0;336.0
PB;Mari;21176.0;21512.0;336.0
MG;Caiana;4968.0;5304.0;336.0
MG;Timóteo;81243.0;81579.0;336.0
TO;Tupirama;1574.0;1909.0;335.0
SP;Braúna;5021.0;5356.0;335.0
SP;Ribeirão Corrente;4273.0;4608.0;335.0
RS;Três Palmeiras;4381.0;4716.0;335.0
MG;Rio Pomba;17110.0;17443.0;333.0
MG;Guaraciama;4718.0;5051.0;333.0
MA;Pirapemas;17381.0;17714.0;333.0
PI;Bom Princípio do Piauí;5304.0;5636.0;332.0
BA;Dom Basílio;11553.0;11884.0;331.0
PI;Sebastião Leal;4116.0;4446.0;330.0
RS;Tabaí;4131.0;4461.0;330.0
BA;Wagner;9173.0;9503.0;330.0
PR;Nova Olímpia;5503.0;5833.0;330.0
RN;São Bento do Norte;2975.0;3304.0;329.0
PR;Campina da Lagoa;15394.0;15723.0;329.0
GO;Cromínia;3555.0;3883.0;328.0
MG;Pimenta;8236.0;8563.0;327.0
RS;Ametista do Sul;7323.0;7650.0;327.0
RN;Arês;12924.0;13251.0;327.0
RN;São José do Seridó;4231.0;4558.0;327.0
AL;Santana do Mundaú;10997.0;11323.0;326.0
BA;Canavieiras;32357.0;32683.0;326.0
MG;Bicas;13653.0;13978.0;325.0
PB;São Vicente do Seridó;9966.0;10291.0;325.0
PI;Olho D'Água do Piauí;2314.0;2637.0;323.0
PR;Fernandes Pinheiro;5932.0;6255.0;323.0
RN;Riachuelo;7067.0;7389.0;322.0
RS;São José do Sul;2058.0;2380.0;322.0
MG;Catuji;6708.0;7030.0;322.0
TO;Couto Magalhães;5009.0;5331.0;322.0
SP;Natividade da Serra;6678.0;6999.0;321.0
SP;Corumbataí;3874.0;4195.0;321.0
ES;Jerônimo Monteiro;11255.0;11575.0;320.0
PA;Nova Esperança do Piriá;20158.0;20478.0;320.0
PI;Nossa Senhora dos Remédios;8206.0;8525.0;319.0
RS;Pantano Grande;9895.0;10212.0;317.0
MG;Resende Costa;10913.0;11230.0;317.0
SE;Telha;2957.0;3274.0;317.0
PB;Pombal;32157.0;32473.0;316.0
PI;Monte Alegre do Piauí;10345.0;10660.0;315.0
PE;Camocim de São Félix;17104.0;17419.0;315.0
GO;Nazário;7874.0;8189.0;315.0
PR;Nova Laranjeiras;11759.0;12074.0;315.0
MG;São Sebastião da Vargem Alegre;2798.0;3113.0;315.0
MS;Laguna Carapã;6486.0;6799.0;313.0
PI;Bela Vista do Piauí;3778.0;4091.0;313.0
GO;Gameleira de Goiás;3143.0;3456.0;313.0
PB;Lastro;2850.0;3162.0;312.0
SP;Paulistânia;1779.0;2090.0;311.0
TO;Monte Santo do Tocantins;2085.0;2396.0;311.0
RS;Nova Candelária;2751.0;3061.0;310.0
MG;Aimorés;24959.0;25269.0;310.0
PI;Anísio de Abreu;9098.0;9407.0;309.0
MG;Urucânia;10291.0;10600.0;309.0
SE;Santana do São Francisco;7038.0;7346.0;308.0
RS;Morro Reuter;5722.0;6029.0;307.0
MG;Santa Bárbara do Monte Verde;2788.0;3095.0;307.0
SP;Mira Estrela;2820.0;3126.0;306.0
SP;Ipuã;14148.0;14454.0;306.0
PI;Coivaras;3811.0;4117.0;306.0
RS;Westfália;2793.0;3098.0;305.0
SP;São José do Rio Pardo;51900.0;52205.0;305.0
PE;Condado;24282.0;24587.0;305.0
MG;Itutinga;3913.0;4217.0;304.0
MG;Aguanil;4054.0;4357.0;303.0
SP;Buritizal;4053.0;4356.0;303.0
SP;Lindóia;6712.0;7014.0;302.0
RN;Vila Flor;2872.0;3174.0;302.0
SP;Macedônia;3664.0;3963.0;299.0
BA;Igaporã;15229.0;15527.0;298.0
PR;Novo Itacolomi;2827.0;3125.0;298.0
SC;Guaraciaba;10498.0;10796.0;298.0
PI;Geminiano;5148.0;5445.0;297.0
SC;Planalto Alegre;2650.0;2946.0;296.0
SP;Analândia;4293.0;4589.0;296.0
RJ;Sumidouro;14911.0;15206.0;295.0
GO;Palminópolis;3556.0;3851.0;295.0
RS;Novo Barreiro;3978.0;4272.0;294.0
MG;Pratinha;3265.0;3559.0;294.0
MG;Piracema;6406.0;6700.0;294.0
PI;Joca Marques;5100.0;5394.0;294.0
PR;São Jorge d'Oeste;9085.0;9378.0;293.0
AP;Serra do Navio;4380.0;4673.0;293.0
MG;Rio Manso;5276.0;5568.0;292.0
BA;Boninal;13330.0;13622.0;292.0
RN;Rio do Fogo;10059.0;10351.0;292.0
PR;Sertanópolis;15638.0;15930.0;292.0
SC;Abelardo Luz;17100.0;17392.0;292.0
CE;Quiterianópolis;19921.0;20213.0;292.0
RS;Brochier;4675.0;4966.0;291.0
CE;Capistrano;16963.0;17254.0;291.0
MG;Patrocínio do Muriaé;5287.0;5576.0;289.0
SP;Arealva;7841.0;8130.0;289.0
PA;Inhangapi;10037.0;10325.0;288.0
RN;São Francisco do Oeste;3874.0;4161.0;287.0
MG;Madre de Deus de Minas;4904.0;5191.0;287.0
MG;Borda da Mata;17118.0;17404.0;286.0
MG;Pingo-d'Água;4420.0;4706.0;286.0
TO;Bandeirantes do Tocantins;3122.0;3407.0;285.0
MG;Virgínia;8623.0;8908.0;285.0
SP;Anhumas;3738.0;4023.0;285.0
RS;Capitão;2636.0;2921.0;285.0
PI;Cabeceiras do Piauí;9928.0;10212.0;284.0
MG;Chácara;2792.0;3075.0;283.0
SC;Tunápolis;4633.0;4916.0;283.0
PB;Pilõezinhos;5046.0;5329.0;283.0
PI;Lagoinha do Piauí;2656.0;2939.0;283.0
SP;Gavião Peixoto;4419.0;4702.0;283.0
SC;Imbuia;5699.0;5982.0;283.0
MG;Bom Jardim de Minas;6501.0;6783.0;282.0
BA;Itaquara;7871.0;8153.0;282.0
PE;Glória do Goitá;29065.0;29347.0;282.0
RN;São Vicente;6028.0;6310.0;282.0
PI;Conceição do Canindé;4650.0;4932.0;282.0
MT;Luciara;2227.0;2509.0;282.0
RN;Portalegre;7320.0;7601.0;281.0
PB;Matinhas;4290.0;4571.0;281.0
BA;Uruçuca;21140.0;21420.0;280.0
SP;Paraibuna;17388.0;17667.0;279.0
PR;Munhoz de Melo;3672.0;3951.0;279.0
RS;Santa Maria do Herval;6063.0;6340.0;277.0
MG;Turvolândia;4658.0;4935.0;277.0
PB;Ingá;17415.0;17692.0;277.0
MA;Pindaré-Mirim;31152.0;31429.0;277.0
MG;Passa Tempo;8197.0;8473.0;276.0
CE;Ibicuitinga;11335.0;11611.0;276.0
RS;São Vendelino;1975.0;2251.0;276.0
RN;Ipanguaçu;13856.0;14131.0;275.0
PR;Prado Ferreira;3434.0;3709.0;275.0
SP;Santa Cruz da Conceição;4002.0;4277.0;275.0
GO;Professor Jamil;3375.0;3649.0;274.0
SP;Iguape;28841.0;29115.0;274.0
PI;Alvorada do Gurguéia;5050.0;5322.0;272.0
PR;Mallet;13156.0;13428.0;272.0
PR;Nova Santa Bárbara;3912.0;4184.0;272.0
PE;Buenos Aires;12537.0;12808.0;271.0
PE;Dormentes;16917.0;17188.0;271.0
SP;Bilac;7048.0;7319.0;271.0
ES;Água Doce do Norte;11771.0;12042.0;271.0
TO;Bom Jesus do Tocantins;3768.0;4038.0;270.0
SC;Jaborá;4041.0;4310.0;269.0
PE;Ingazeira;4496.0;4765.0;269.0
PI;Marcos Parente;4456.0;4724.0;268.0
SP;Aramina;5152.0;5420.0;268.0
ES;Laranja da Terra;10826.0;11094.0;268.0
GO;Edealina;3733.0;4001.0;268.0
SP;Indiana;4825.0;5090.0;265.0
PR;Santana do Itararé;5249.0;5514.0;265.0
GO;São Francisco de Goiás;6114.0;6378.0;264.0
SP;Salto Grande;8787.0;9050.0;263.0
TO;Marianópolis do Tocantins;4352.0;4615.0;263.0
SP;Pirangi;10623.0;10885.0;262.0
MG;Eugenópolis;10540.0;10801.0;261.0
CE;Antonina do Norte;6984.0;7245.0;261.0
MT;Arenápolis;10316.0;10576.0;260.0
SC;Rio do Campo;6192.0;6452.0;260.0
PB;Riacho de Santo Antônio;1696.0;1955.0;259.0
SC;Nova Itaberaba;4278.0;4536.0;258.0
SP;Jumirim;2798.0;3056.0;258.0
TO;Santa Tereza do Tocantins;2523.0;2781.0;258.0
RS;Quinze de Novembro;3653.0;3910.0;257.0
MG;Conceição do Pará;5158.0;5415.0;257.0
ES;Conceição do Castelo;11681.0;11937.0;256.0
SC;Treviso;3527.0;3782.0;255.0
GO;Inaciolândia;5699.0;5954.0;255.0
MA;Junco do Maranhão;4891.0;5146.0;255.0
MG;Ribeirão Vermelho;3826.0;4080.0;254.0
MG;Datas;5211.0;5465.0;254.0
PB;Riacho dos Cavalos;8239.0;8493.0;254.0
SC;Campo Erê;9370.0;9623.0;253.0
RN;Baía Formosa;8573.0;8825.0;252.0
MG;Vazante;19723.0;19975.0;252.0
MG;Senador Cortes;1988.0;2240.0;252.0
RO;São Francisco do Guaporé;16035.0;16286.0;251.0
SC;Bom Jesus;2526.0;2777.0;251.0
TO;Cariri do Tocantins;3756.0;4007.0;251.0
BA;Conde;23403.0;23654.0;251.0
AL;Monteirópolis;6934.0;7184.0;250.0
SC;Arvoredo;2260.0;2510.0;250.0
MG;Taparuba;3137.0;3387.0;250.0
PI;Caridade do Piauí;4783.0;5033.0;250.0
MG;São Tomé das Letras;6655.0;6904.0;249.0
PI;Lagoa Alegre;8008.0;8256.0;248.0
PE;Santa Cruz;13594.0;13841.0;247.0
TO;Caseara;4601.0;4847.0;246.0
PR;Alto Paraná;13663.0;13909.0;246.0
PB;Congo;4687.0;4933.0;246.0
SP;Cunha;21866.0;22110.0;244.0
MA;Carolina;23818.0;24062.0;244.0
RS;Santa Margarida do Sul;2352.0;2596.0;244.0
MG;Santa Cruz de Minas;7865.0;8109.0;244.0
PR;Catanduvas;10202.0;10446.0;244.0
PB;Cabaceiras;5092.0;5335.0;243.0
PI;Bertolínia;5319.0;5562.0;243.0
SP;Lagoinha;4841.0;5083.0;242.0
CE;Iracema;13760.0;14001.0;241.0
PB;Santa Luzia;14719.0;14959.0;240.0
MG;Natalândia;3280.0;3520.0;240.0
MT;Ponte Branca;1768.0;2008.0;240.0
ES;Vila Pavão;8672.0;8911.0;239.0
CE;Ibiapina;23726.0;23965.0;239.0
SP;Nova Granada;19180.0;19419.0;239.0
MA;Afonso Cunha;5905.0;6144.0;239.0
RJ;Tanguá;30848.0;31086.0;238.0
SC;Bandeirante;2906.0;3144.0;238.0
AL;Lagoa da Canoa;18219.0;18457.0;238.0
PR;Piraí do Sul;23413.0;23651.0;238.0
BA;Saubara;11201.0;11438.0;237.0
MG;Pedra do Indaiá;3875.0;4112.0;237.0
BA;Várzea Nova;13141.0;13377.0;236.0
PE;Brejão;8844.0;9079.0;235.0
PB;Barra de São Miguel;5671.0;5906.0;235.0
BA;Ichu;5957.0;6190.0;233.0
PR;São Carlos do Ivaí;6354.0;6587.0;233.0
MG;Marmelópolis;2968.0;3200.0;232.0
SP;Piacatu;5287.0;5519.0;232.0
SP;Pompéia;19964.0;20196.0;232.0
PR;Paula Freitas;5434.0;5666.0;232.0
PR;Pitangueiras;2814.0;3046.0;232.0
RS;São Pedro da Serra;3316.0;3548.0;232.0
MG;Santo Antônio do Aventureiro;3538.0;3769.0;231.0
PB;Juazeirinho;16776.0;17007.0;231.0
SP;Ribeirão do Sul;4446.0;4677.0;231.0
PI;Curralinhos;4183.0;4413.0;230.0
PB;Passagem;2233.0;2463.0;230.0
MS;Douradina;5349.0;5578.0;229.0
RS;Barra do Quaraí;4012.0;4241.0;229.0
SP;Pedranópolis;2558.0;2787.0;229.0
CE;Ipaporanga;11347.0;11575.0;228.0
MG;Fama;2350.0;2578.0;228.0
MA;São João dos Patos;24793.0;25020.0;227.0
MG;Santa Rita de Minas;6547.0;6773.0;226.0
BA;Nova Itarana;7554.0;7780.0;226.0
MG;Itueta;5830.0;6055.0;225.0
RS;Machadinho;5510.0;5735.0;225.0
MS;Coronel Sapucaia;14064.0;14289.0;225.0
SC;Bocaina do Sul;3290.0;3515.0;225.0
MG;Nazareno;7954.0;8179.0;225.0
MT;Nova Monte Verde;8089.0;8313.0;224.0
PR;Florestópolis;11222.0;11446.0;224.0
BA;Medeiros Neto;21971.0;22194.0;223.0
MS;Coxim;31930.0;32151.0;221.0
SP;Cândido Rodrigues;2668.0;2889.0;221.0
MA;Senador La Rocque;14479.0;14700.0;221.0
PR;Lupionópolis;4592.0;4813.0;221.0
SP;João Ramalho;4150.0;4371.0;221.0
CE;Itaiçaba;7316.0;7536.0;220.0
GO;São Luiz do Norte;4617.0;4837.0;220.0
RS;Entre-Ijuís;8938.0;9158.0;220.0
RN;Passagem;2895.0;3115.0;220.0
PB;Cubati;7361.0;7580.0;219.0
RN;Carnaubais;9495.0;9714.0;219.0
SC;Ermo;2050.0;2269.0;219.0
MG;São Domingos das Dores;5408.0;5626.0;218.0
PB;São João do Rio do Peixe;17746.0;17964.0;218.0
MG;Sericita;7128.0;7345.0;217.0
PI;Cocal de Telha;4694.0;4911.0;217.0
PR;Tamboara;4664.0;4880.0;216.0
SP;Paranapuã;3815.0;4031.0;216.0
PI;Madeiro;7816.0;8032.0;216.0
TO;Muricilândia;3152.0;3367.0;215.0
SC;São João do Oeste;6080.0;6295.0;215.0
CE;Aracoiaba;25338.0;25553.0;215.0
MS;Sete Quedas;10780.0;10994.0;214.0
RN;Ouro Branco;4699.0;4913.0;214.0
RS;Antônio Prado;12831.0;13045.0;214.0
RS;Picada Café;5138.0;5351.0;213.0
SC;Lajeado Grande;1490.0;1702.0;212.0
PI;Simões;14138.0;14350.0;212.0
SP;Santa Branca;13763.0;13975.0;212.0
RS;São Luiz Gonzaga;34540.0;34752.0;212.0
RS;Nicolau Vergueiro;1721.0;1932.0;211.0
PI;Fartura do Piauí;5074.0;5284.0;210.0
MG;Vermelho Novo;4689.0;4899.0;210.0
RN;Felipe Guerra;5734.0;5944.0;210.0
SC;Imaruí;11673.0;11881.0;208.0
RS;Salvador das Missões;2669.0;2877.0;208.0
TO;Novo Acordo;3762.0;3969.0;207.0
MA;Loreto;11390.0;11597.0;207.0
PE;Exu;31636.0;31843.0;207.0
GO;Cabeceiras;7354.0;7560.0;206.0
SC;Princesa;2758.0;2964.0;206.0
PI;Capitão de Campos;10894.0;11100.0;206.0
RS;São José do Inhacorá;2200.0;2406.0;206.0
GO;Corumbá de Goiás;10357.0;10562.0;205.0
PI;Betânia do Piauí;6015.0;6220.0;205.0
TO;Paranã;10338.0;10542.0;204.0
SC;Coronel Freitas;10184.0;10388.0;204.0
RN;Viçosa;1618.0;1822.0;204.0
CE;Moraújo;8050.0;8254.0;204.0
SC;Caxambu do Sul;4411.0;4614.0;203.0
SP;Paraíso;5898.0;6099.0;201.0
PR;Lobato;4401.0;4601.0;200.0
SC;Apiúna;9611.0;9811.0;200.0
PI;Aroeiras do Itaim;2490.0;2690.0;200.0
BA;Botuporã;10824.0;11024.0;200.0
MG;Senador José Bento;1868.0;2068.0;200.0
MT;Santa Terezinha;7397.0;7596.0;199.0
ES;Dores do Rio Preto;6397.0;6596.0;199.0
PI;Vera Mendes;2986.0;3185.0;199.0
SP;Santa Salete;1447.0;1645.0;198.0
MG;Alterosa;13717.0;13915.0;198.0
SP;Poloni;5395.0;5592.0;197.0
SC;Dionísio Cerqueira;14811.0;15008.0;197.0
RS;São Pedro do Butiá;2873.0;3070.0;197.0
PB;Itatuba;10302.0;10499.0;197.0
BA;Potiraguá;10077.0;10274.0;197.0
SP;Santo Expedito;2803.0;3000.0;197.0
PI;Tamboril do Piauí;2753.0;2949.0;196.0
SC;São Martinho;3209.0;3405.0;196.0
SP;Rio Grande da Serra;43974.0;44170.0;196.0
SC;Flor do Sertão;1588.0;1783.0;195.0
PB;Soledade;13774.0;13968.0;194.0
SP;Itaoca;3228.0;3422.0;194.0
RS;Nova Esperança do Sul;4671.0;4865.0;194.0
SC;Luzerna;5600.0;5794.0;194.0
BA;Aracatu;13743.0;13936.0;193.0
MA;Bernardo do Mearim;5647.0;5840.0;193.0
PI;Queimada Nova;8546.0;8738.0;192.0
RS;Vila Maria;4221.0;4413.0;192.0
ES;Águia Branca;9519.0;9711.0;192.0
GO;Cavalcante;9392.0;9583.0;191.0
SP;Santa Rita d'Oeste;2543.0;2733.0;190.0
RS;Água Santa;3722.0;3912.0;190.0
MG;São Sebastião do Rio Verde;2110.0;2300.0;190.0
PB;São Bentinho;4138.0;4327.0;189.0
GO;Santa Fé de Goiás;4762.0;4951.0;189.0
SE;Gracho Cardoso;5645.0;5834.0;189.0
SE;Santa Rosa de Lima;3749.0;3937.0;188.0
MG;Senhora dos Remédios;10196.0;10384.0;188.0
SC;Palmeira;2373.0;2561.0;188.0
GO;Mairipotaba;2374.0;2561.0;187.0
SC;Paraíso;4080.0;4267.0;187.0
GO;Britânia;5509.0;5695.0;186.0
SC;Santiago do Sul;1465.0;1651.0;186.0
PI;Monsenhor Hipólito;7391.0;7577.0;186.0
MG;Pequeri;3165.0;3351.0;186.0
MG;Peçanha;17260.0;17446.0;186.0
MG;Coronel Xavier Chaves;3301.0;3486.0;185.0
PB;São Miguel de Taipu;6881.0;7066.0;185.0
TO;Abreulândia;2391.0;2576.0;185.0
PI;Avelino Lopes;10681.0;10866.0;185.0
SC;Arabutã;4193.0;4378.0;185.0
MA;Esperantinópolis;18126.0;18311.0;185.0
SP;Balbinos;3702.0;3887.0;185.0
GO;Nova Iguaçu de Goiás;2826.0;3010.0;184.0
PR;Bom Jesus do Sul;3796.0;3980.0;184.0
MG;São João da Mata;2731.0;2914.0;183.0
SC;Chapadão do Lageado;2767.0;2950.0;183.0
SP;Santo Antônio do Jardim;5943.0;6126.0;183.0
PR;Cafezal do Sul;4290.0;4473.0;183.0
AL;Cacimbinhas;10300.0;10482.0;182.0
SC;Benedito Novo;10338.0;10520.0;182.0
MA;São Francisco do Maranhão;11883.0;12064.0;181.0
RS;Alto Feliz;2891.0;3072.0;181.0
MG;Monsenhor Paulo;8161.0;8340.0;179.0
SP;Lucélia;19882.0;20061.0;179.0
RN;Alto do Rodrigues;12305.0;12484.0;179.0
RS;Selbach;4929.0;5107.0;178.0
PB;Sossêgo;3169.0;3345.0;176.0
SC;Timbó Grande;7167.0;7342.0;175.0
RN;Lajes Pintadas;4612.0;4787.0;175.0
MG;Rochedo de Minas;2116.0;2291.0;175.0
SC;Urupema;2482.0;2656.0;174.0
MG;Cabeceira Grande;6453.0;6627.0;174.0
MT;Porto dos Gaúchos;5420.0;5593.0;173.0
GO;Buriti de Goiás;2560.0;2732.0;172.0
GO;Itapirapuã;7835.0;8007.0;172.0
SE;Japoatã;13236.0;13407.0;171.0
RN;Santana do Seridó;2526.0;2696.0;170.0
MG;Maravilhas;7163.0;7333.0;170.0
PI;São Francisco de Assis do Piauí;5402.0;5572.0;170.0
PR;São Pedro do Paraná;2491.0;2661.0;170.0
SP;Quadra;3236.0;3405.0;169.0
TO;Rio dos Bois;2570.0;2738.0;168.0
SP;Ocauçu;4163.0;4331.0;168.0
MG;Conquista;6526.0;6694.0;168.0
PI;Matias Olímpio;10473.0;10641.0;168.0
BA;Santanópolis;8549.0;8716.0;167.0
MG;São João da Lagoa;4656.0;4822.0;166.0
TO;Chapada de Areia;1335.0;1501.0;166.0
MG;Cônego Marinho;7071.0;7237.0;166.0
SP;Cássia dos Coqueiros;2634.0;2799.0;165.0
SC;Paial;1763.0;1927.0;164.0
SP;Américo de Campos;5706.0;5870.0;164.0
MG;Cristina;10210.0;10374.0;164.0
MG;Luminárias;5422.0;5586.0;164.0
PB;Várzea;2504.0;2668.0;164.0
RS;Chapada;9377.0;9540.0;163.0
SP;Santa Cruz da Esperança;1953.0;2116.0;163.0
MG;Bela Vista de Minas;10004.0;10167.0;163.0
SP;Coroados;5238.0;5400.0;162.0
MG;Ibertioga;5036.0;5198.0;162.0
AM;Atalaia do Norte;15153.0;15314.0;161.0
MG;São José do Mantimento;2592.0;2753.0;161.0
BA;Lajedão;3685.0;3845.0;160.0
MG;Descoberto;4768.0;4928.0;160.0
MG;Carmésia;2446.0;2605.0;159.0
SP;Jaboticabal;71662.0;71821.0;159.0
SP;Monte Castelo;4063.0;4222.0;159.0
SP;Capão Bonito;46178.0;46337.0;159.0
MG;Santa Rosa da Serra;3224.0;3382.0;158.0
SP;Álvaro de Carvalho;4650.0;4808.0;158.0
PR;Turvo;14074.0;14231.0;157.0
RN;Jundiá;3582.0;3739.0;157.0
PB;Boa Vista;6221.0;6377.0;156.0
RO;Rio Crespo;3316.0;3471.0;155.0
PI;Porto;11897.0;12052.0;155.0
PI;Angical do Piauí;6672.0;6827.0;155.0
RS;Poço das Antas;2017.0;2171.0;154.0
MG;Passa Vinte;2079.0;2233.0;154.0
PB;Tenório;2813.0;2966.0;153.0
PB;Zabelê;2075.0;2228.0;153.0
RS;Taquaruçu do Sul;2966.0;3119.0;153.0
PR;Icaraíma;8839.0;8991.0;152.0
PR;Ibema;6066.0;6218.0;152.0
MG;Porto Firme;10417.0;10569.0;152.0
BA;Contendas do Sincorá;4181.0;4333.0;152.0
PR;Santa Isabel do Ivaí;8760.0;8912.0;152.0
MG;Silvianópolis;6027.0;6179.0;152.0
RN;Caraúbas;19576.0;19727.0;151.0
MG;Cachoeira de Pajeú;8959.0;9110.0;151.0
MG;Areado;13731.0;13881.0;150.0
PB;Junco do Seridó;6643.0;6793.0;150.0
GO;São Patrício;1993.0;2143.0;150.0
PI;Currais;4704.0;4854.0;150.0
PB;Amparo;2085.0;2234.0;149.0
PR;Indianópolis;4299.0;4448.0;149.0
MA;Matinha;21885.0;22034.0;149.0
PB;Serra Grande;2794.0;2942.0;148.0
SC;Vitor Meireles;5222.0;5370.0;148.0
RS;Mariana Pimentel;3768.0;3916.0;148.0
PB;São Sebastião de Lagoa de Roça;10893.0;11040.0;147.0
BA;Tucano;48589.0;48736.0;147.0
RJ;Macuco;5269.0;5415.0;146.0
RN;Espírito Santo;10475.0;10620.0;145.0
PB;São Domingos do Cariri;2441.0;2585.0;144.0
BA;São Gabriel;18456.0;18600.0;144.0
RS;Tapera;10448.0;10592.0;144.0
MG;Santo Antônio do Grama;4085.0;4229.0;144.0
RS;Roca Sales;10275.0;10418.0;143.0
RS;Riozinho;4330.0;4473.0;143.0
MG;São João do Manteninha;5188.0;5331.0;143.0
SP;Cajati;28372.0;28515.0;143.0
PI;Barra D'Alcântara;3852.0;3995.0;143.0
PI;Várzea Branca;4913.0;5055.0;142.0
BA;Cafarnaum;17324.0;17466.0;142.0
MG;Bugre;3900.0;4041.0;141.0
BA;Aratuípe;8536.0;8677.0;141.0
RN;Senador Georgino Avelino;3924.0;4065.0;141.0
ES;Governador Lindenberg;10869.0;11009.0;140.0
RS;Lagoa dos Três Cantos;1598.0;1738.0;140.0
MA;Bom Jesus das Selvas;28459.0;28599.0;140.0
MG;Bom Jesus do Amparo;5491.0;5631.0;140.0
SP;São João do Pau d'Alho;2103.0;2242.0;139.0
PI;Belém do Piauí;3284.0;3423.0;139.0
SP;Trabiju;1544.0;1682.0;138.0
SC;Iomerê;2739.0;2877.0;138.0
PA;Terra Alta;10262.0;10400.0;138.0
BA;Várzea da Roça;13663.0;13800.0;137.0
MG;São José do Alegre;3996.0;4133.0;137.0
MG;Resplendor;17089.0;17226.0;137.0
BA;Catolândia;3297.0;3434.0;137.0
GO;Lagoa Santa;1254.0;1390.0;136.0
MA;Nova Colinas;4885.0;5021.0;136.0
SP;Uru;1251.0;1387.0;136.0
PR;Pinhal de São Bento;2625.0;2761.0;136.0
MG;São Bento Abade;4577.0;4713.0;136.0
PA;Piçarra;12697.0;12832.0;135.0
SC;Urubici;10699.0;10834.0;135.0
MA;Lajeado Novo;6923.0;7057.0;134.0
PR;Quedas do Iguaçu;30605.0;30738.0;133.0
RN;Alexandria;13507.0;13640.0;133.0
SP;Indiaporã;3903.0;4035.0;132.0
RS;Salvador do Sul;6747.0;6879.0;132.0
RS;Lagoa Vermelha;27527.0;27659.0;132.0
PR;Itambé;5979.0;6111.0;132.0
TO;Nazaré;4390.0;4521.0;131.0
RS;Barra Funda;2367.0;2498.0;131.0
MG;Silveirânia;2192.0;2323.0;131.0
PR;Japira;4841.0;4972.0;131.0
PB;Picuí;18202.0;18333.0;131.0
PA;Floresta do Araguaia;17768.0;17898.0;130.0
PB;Vista Serrana;3511.0;3641.0;130.0
MA;Santo Amaro do Maranhão;13820.0;13949.0;129.0
MG;Santa Rita do Itueto;5697.0;5826.0;129.0
BA;Gentio do Ouro;10755.0;10884.0;129.0
MG;Pains;8014.0;8142.0;128.0
PB;São José do Sabugi;4010.0;4138.0;128.0
RS;Mampituba;3003.0;3131.0;128.0
RS;Arvorezinha;10194.0;10322.0;128.0
PR;São José das Palmeiras;3830.0;3957.0;127.0
TO;Oliveira de Fátima;1037.0;1164.0;127.0
SP;Santa Mercedes;2831.0;2956.0;125.0
SC;Pedras Grandes;4120.0;4245.0;125.0
SP;Itaberá;17858.0;17983.0;125.0
BA;Muniz Ferreira;7065.0;7190.0;125.0
BA;Lafaiete Coutinho;3950.0;4075.0;125.0
SC;Rio das Antas;6129.0;6253.0;124.0
MT;Comodoro;18114.0;18238.0;124.0
SE;Malhada dos Bois;3456.0;3579.0;123.0
RS;Nova Roma do Sul;3343.0;3466.0;123.0
PI;Pau D'Arco do Piauí;3757.0;3880.0;123.0
SP;Lucianópolis;2249.0;2372.0;123.0
PR;Juranda;7649.0;7771.0;122.0
PI;São Gonçalo do Gurguéia;2825.0;2947.0;122.0
MG;Ewbank da Câmara;3753.0;3875.0;122.0
BA;Santa Luzia;13776.0;13896.0;120.0
PR;Espigão Alto do Iguaçu;4677.0;4797.0;120.0
SC;Morro Grande;2890.0;3010.0;120.0
SC;Salete;7370.0;7489.0;119.0
RS;Campos Borges;3494.0;3613.0;119.0
PB;Remígio;17766.0;17885.0;119.0
SP;Arco-Íris;1925.0;2044.0;119.0
RN;Serrinha dos Pintos;4540.0;4659.0;119.0
RS;Pinhal da Serra;2130.0;2248.0;118.0
MG;Olhos-d'Água;5267.0;5385.0;118.0
BA;Floresta Azul;10941.0;11059.0;118.0
ES;Alto Rio Novo;7317.0;7434.0;117.0
SP;Viradouro;17297.0;17414.0;117.0
SE;São Francisco;3127.0;3243.0;116.0
PB;Caldas Brandão;5637.0;5753.0;116.0
PI;São Pedro do Piauí;13639.0;13755.0;116.0
MG;Claraval;4542.0;4658.0;116.0
CE;Jucás;23807.0;23922.0;115.0
PI;Colônia do Gurguéia;6036.0;6150.0;114.0
RS;Lajeado do Bugre;2487.0;2601.0;114.0
RS;Pinto Bandeira;2609.0;2723.0;114.0
PI;Inhuma;14845.0;14958.0;113.0
PI;Antônio Almeida;3039.0;3152.0;113.0
MG;Presidente Kubitschek;2959.0;3071.0;112.0
PE;Granito;6855.0;6967.0;112.0
SP;Dolcinópolis;2096.0;2207.0;111.0
SP;Flórida Paulista;12848.0;12958.0;110.0
CE;Novo Oriente;27435.0;27545.0;110.0
PR;Flórida;2543.0;2652.0;109.0
PR;Pranchita;5628.0;5737.0;109.0
SE;General Maynard;2929.0;3037.0;108.0
SC;Angelina;5250.0;5358.0;108.0
RS;Sentinela do Sul;5198.0;5306.0;108.0
PR;Rondon;8989.0;9097.0;108.0
GO;Jandaia;6164.0;6272.0;108.0
BA;Malhada de Pedras;8563.0;8670.0;107.0
PI;Jerumenha;4390.0;4497.0;107.0
PI;Caracol;10212.0;10318.0;106.0
PI;Caraúbas do Piauí;5525.0;5630.0;105.0
PR;Miraselva;1862.0;1966.0;104.0
PR;Mariópolis;6268.0;6371.0;103.0
MS;Taquarussu;3522.0;3625.0;103.0
MG;Jaguaraçu;2990.0;3092.0;102.0
RS;Santo Antônio do Planalto;1987.0;2089.0;102.0
MA;Ribamar Fiquene;7318.0;7420.0;102.0
SP;Borá;805.0;907.0;102.0
SC;Vargeão;3532.0;3634.0;102.0
RS;Capivari do Sul;3890.0;3991.0;101.0
MG;Carrancas;3948.0;4049.0;101.0
RN;Jucurutu;17692.0;17793.0;101.0
MG;Dom Viçoso;2994.0;3095.0;101.0
GO;Morro Agudo de Goiás;2356.0;2456.0;100.0
SP;Sebastianópolis do Sul;3031.0;3130.0;99.0
SE;Brejo Grande;7742.0;7841.0;99.0
GO;Três Ranchos;2822.0;2921.0;99.0
PI;Amarante;17135.0;17234.0;99.0
SC;Doutor Pedrinho;3539.0;3637.0;98.0
GO;Aragarças;18292.0;18390.0;98.0
PB;Alagoinha;13627.0;13725.0;98.0
RN;Pedra Grande;3521.0;3618.0;97.0
SP;Chavantes;12114.0;12211.0;97.0
BA;Andaraí;12983.0;13080.0;97.0
MG;Fervedouro;10349.0;10445.0;96.0
PR;Marumbi;4603.0;4699.0;96.0
PI;Capitão Gervásio Oliveira;3878.0;3974.0;96.0
TO;Luzinópolis;2622.0;2717.0;95.0
PR;Formosa do Oeste;7541.0;7635.0;94.0
MT;Torixoréu;4071.0;4164.0;93.0
SP;Fernão;1563.0;1656.0;93.0
PI;Ipiranga do Piauí;9327.0;9420.0;93.0
MG;Carmo da Mata;10927.0;11019.0;92.0
PR;Tupãssi;7985.0;8077.0;92.0
MG;Arantina;2823.0;2915.0;92.0
MG;Dona Euzébia;6001.0;6093.0;92.0
CE;Jati;7769.0;7861.0;92.0
TO;Santa Rita do Tocantins;2128.0;2219.0;91.0
CE;Barroquinha;14476.0;14567.0;91.0
PI;São Miguel do Tapuio;17463.0;17554.0;91.0
RN;São Fernando;3401.0;3492.0;91.0
SC;Caibi;6214.0;6304.0;90.0
SC;Salto Veloso;4301.0;4390.0;89.0
RS;Erebango;2965.0;3054.0;89.0
PI;Curral Novo do Piauí;4984.0;5073.0;89.0
MG;Divisa Nova;5763.0;5851.0;88.0
RN;Doutor Severiano;6956.0;7044.0;88.0
MG;Canaã;4628.0;4715.0;87.0
PR;Barra do Jacaré;2727.0;2814.0;87.0
PR;Ramilândia;4134.0;4221.0;87.0
GO;Faina;6983.0;7070.0;87.0
SP;Guaimbê;5425.0;5512.0;87.0
TO;Combinado;4669.0;4756.0;87.0
PR;Bela Vista da Caroba;3945.0;4031.0;86.0
RN;Messias Targino;4188.0;4274.0;86.0
GO;São João da Paraúna;1688.0;1774.0;86.0
TO;Santa Rosa do Tocantins;4568.0;4653.0;85.0
RN;Santa Maria;4762.0;4847.0;85.0
RN;Cerro Corá;10916.0;11000.0;84.0
CE;Caririaçu;26236.0;26320.0;84.0
SC;Cunhataí;1884.0;1968.0;84.0
GO;Sítio d'Abadia;2843.0;2927.0;84.0
RN;Fernando Pedroza;2854.0;2938.0;84.0
RS;Mato Castelhano;2470.0;2553.0;83.0
RN;Angicos;11549.0;11632.0;83.0
MG;Água Comprida;2025.0;2108.0;83.0
SP;Tabatinga;14686.0;14769.0;83.0
MG;Cruzeiro da Fortaleza;3438.0;3521.0;83.0
PI;São Gonçalo do Piauí;4754.0;4837.0;83.0
PB;Gurjão;3159.0;3242.0;83.0
RS;Caraá;7312.0;7394.0;82.0
RS;Nova Boa Vista;1960.0;2042.0;82.0
SP;Sarutaiá;3622.0;3704.0;82.0
PB;Damião;4900.0;4982.0;82.0
MA;Sambaíba;5487.0;5568.0;81.0
PI;Várzea Grande;4336.0;4417.0;81.0
SC;Formosa do Sul;2601.0;2682.0;81.0
MG;Juvenília;5708.0;5789.0;81.0
RS;Imigrante;3000.0;3080.0;80.0
PR;Jussara;6610.0;6690.0;80.0
MG;Alto Jequitibá;8318.0;8397.0;79.0
PI;Santo Antônio dos Milagres;2059.0;2138.0;79.0
SP;Sagres;2395.0;2474.0;79.0
MG;Serrania;7542.0;7621.0;79.0
MG;Pequi;4076.0;4155.0;79.0
SC;Timbé do Sul;5308.0;5386.0;78.0
TO;Miranorte;12623.0;12701.0;78.0
GO;Nova América;2259.0;2337.0;78.0
AL;Olho d'Água das Flores;20617.0;20695.0;78.0
MT;União do Sul;3760.0;3838.0;78.0
RS;Monte Alegre dos Campos;3102.0;3180.0;78.0
BA;Antônio Gonçalves;10785.0;10862.0;77.0
SP;Duartina;12251.0;12328.0;77.0
PR;Kaloré;4506.0;4582.0;76.0
PB;Desterro;7991.0;8067.0;76.0
TO;Taipas do Tocantins;1945.0;2021.0;76.0
GO;Ipiranga de Goiás;2843.0;2919.0;76.0
SP;Ubarana;5289.0;5365.0;76.0
SE;Aquidabã;20056.0;20131.0;75.0
PR;Faxinal;16314.0;16389.0;75.0
SE;Rosário do Catete;9221.0;9295.0;74.0
CE;Ipaumirim;12009.0;12083.0;74.0
CE;Poranga;11992.0;12065.0;73.0
SP;Águas de São Pedro;2707.0;2780.0;73.0
MA;Sítio Novo;17002.0;17074.0;72.0
RS;Barra do Guarita;3089.0;3161.0;72.0
PR;Lapa;44932.0;45003.0;71.0
MG;Aiuruoca;6162.0;6233.0;71.0
TO;Porto Alegre do Tocantins;2796.0;2866.0;70.0
MG;Sapucaí-Mirim;6241.0;6311.0;70.0
PE;Carnaíba;18574.0;18644.0;70.0
PI;Joaquim Pires;13817.0;13886.0;69.0
MG;Ritápolis;4925.0;4994.0;69.0
MG;Presidente Olegário;18697.0;18765.0;68.0
AL;Campestre;6598.0;6665.0;67.0
PR;Atalaia;3913.0;3980.0;67.0
RS;Gentil;1677.0;1744.0;67.0
SP;São João de Iracema;1780.0;1846.0;66.0
SP;Mesópolis;1886.0;1952.0;66.0
PI;Miguel Leão;1253.0;1318.0;65.0
MA;Maranhãozinho;13697.0;13761.0;64.0
PE;Terra Nova;8856.0;8920.0;64.0
SC;Sul Brasil;2768.0;2832.0;64.0
RS;São Jorge;2848.0;2912.0;64.0
SC;Ibiam;1945.0;2008.0;63.0
MG;Coimbra;7054.0;7117.0;63.0
SP;Cananéia;12226.0;12289.0;63.0
MG;Frei Lagonegro;3329.0;3391.0;62.0
PR;Iretama;10622.0;10684.0;62.0
RS;São João do Polêsine;2588.0;2649.0;61.0
BA;Brotas de Macaúbas;11705.0;11765.0;60.0
MG;Baependi;18307.0;18366.0;59.0
RS;Linha Nova;1624.0;1683.0;59.0
PE;Jatobá;13963.0;14020.0;57.0
SP;Itariri;15471.0;15528.0;57.0
SP;Vitória Brasil;1737.0;1794.0;57.0
GO;Varjão;3659.0;3716.0;57.0
SC;Calmon;3387.0;3443.0;56.0
SE;São Domingos;10271.0;10327.0;56.0
SP;Gabriel Monteiro;2708.0;2763.0;55.0
AL;Coqueiro Seco;5526.0;5581.0;55.0
PR;Céu Azul;11032.0;11087.0;55.0
PR;Verê;7878.0;7932.0;54.0
SC;Arroio Trinta;3502.0;3556.0;54.0
TO;Rio da Conceição;1714.0;1768.0;54.0
RS;Itati;2584.0;2638.0;54.0
SC;Grão-Pará;6223.0;6277.0;54.0
PB;Santo André;2569.0;2622.0;53.0
MG;Matutina;3761.0;3814.0;53.0
PB;Coxixola;1771.0;1824.0;53.0
SP;Pontalinda;4074.0;4127.0;53.0
MG;São Gonçalo do Sapucaí;23906.0;23959.0;53.0
RN;Timbaúba dos Batistas;2295.0;2348.0;53.0
RS;Cruzeiro do Sul;11549.0;11600.0;51.0
PI;Pedro Laurentino;2407.0;2458.0;51.0
PR;Ipiranga;14091.0;14142.0;51.0
RJ;Duas Barras;10930.0;10980.0;50.0
PB;Curral de Cima;5204.0;5254.0;50.0
PR;Rio Negro;31274.0;31324.0;50.0
RJ;Sapucaia;17679.0;17729.0;50.0
SP;Ipaussu;13663.0;13712.0;49.0
SC;Lacerdópolis;2199.0;2248.0;49.0
SE;Moita Bonita;11001.0;11050.0;49.0
SC;Bom Jesus do Oeste;2138.0;2187.0;49.0
PB;Cuité de Mamanguape;6202.0;6251.0;49.0
BA;Tanquinho;7669.0;7717.0;48.0
PI;Flores do Piauí;4366.0;4414.0;48.0
GO;Campinaçu;3660.0;3708.0;48.0
MA;Governador Eugênio Barros;13883.0;13930.0;47.0
MG;Carmo de Minas;13750.0;13797.0;47.0
SP;Cafelândia;16607.0;16654.0;47.0
PR;Sulina;3394.0;3440.0;46.0
PB;Caraúbas;3899.0;3944.0;45.0
TO;Itapiratins;3532.0;3577.0;45.0
PI;São Braz do Piauí;4313.0;4358.0;45.0
SP;Estrela do Norte;2658.0;2703.0;45.0
PR;Anahy;2874.0;2918.0;44.0
PB;São Sebastião do Umbuzeiro;3235.0;3279.0;44.0
PB;Quixaba;1699.0;1743.0;44.0
RS;Pinheirinho do Vale;4497.0;4540.0;43.0
MT;Nossa Senhora do Livramento;12897.0;12940.0;43.0
PR;Alvorada do Sul;10283.0;10326.0;43.0
PA;São João de Pirabas;20647.0;20689.0;42.0
MG;Cajuri;4047.0;4088.0;41.0
PR;Congonhinhas;8279.0;8320.0;41.0
MT;Juscimeira;11439.0;11480.0;41.0
GO;Joviânia;7118.0;7159.0;41.0
MG;Couto de Magalhães de Minas;4204.0;4245.0;41.0
MT;Curvelândia;4862.0;4903.0;41.0
MG;Alagoa;2709.0;2749.0;40.0
TO;Silvanópolis;5068.0;5108.0;40.0
PR;São Manoel do Paraná;2098.0;2138.0;40.0
MT;São Pedro da Cipa;4151.0;4191.0;40.0
PE;Tuparetama;7966.0;8005.0;39.0
RS;São Valentim do Sul;2168.0;2207.0;39.0
MG;Albertina;2913.0;2952.0;39.0
MG;Cachoeira da Prata;3654.0;3693.0;39.0
PE;Angelim;10202.0;10241.0;39.0
MG;Uruana de Minas;3243.0;3282.0;39.0
MG;São Romão;10276.0;10315.0;39.0
TO;São Valério;4383.0;4422.0;39.0
PI;Milton Brandão;6504.0;6542.0;38.0
RN;Cruzeta;7967.0;8005.0;38.0
RJ;Miracema;26843.0;26881.0;38.0
GO;Nova Aurora;2064.0;2101.0;37.0
BA;Feira da Mata;5595.0;5631.0;36.0
RN;Barcelona;3950.0;3986.0;36.0
GO;Ivolândia;2658.0;2693.0;35.0
MG;São Domingos do Prata;17357.0;17392.0;35.0
RN;São João do Sabugi;5922.0;5956.0;34.0
MG;Itapagipe;13656.0;13690.0;34.0
SC;Celso Ramos;2771.0;2805.0;34.0
RS;Augusto Pestana;7116.0;7149.0;33.0
SP;Aspásia;1809.0;1842.0;33.0
PR;Renascença;6812.0;6845.0;33.0
MG;Natércia;4658.0;4691.0;33.0
GO;Ouro Verde de Goiás;4025.0;4057.0;32.0
MG;Dom Silvério;5196.0;5228.0;32.0
AL;Maribondo;13648.0;13679.0;31.0
MG;Maria da Fé;14216.0;14247.0;31.0
MG;Santo Antônio do Rio Abaixo;1777.0;1808.0;31.0
RN;Montanhas;11413.0;11444.0;31.0
SC;Serra Alta;3272.0;3303.0;31.0
SE;Nossa Senhora de Lourdes;6238.0;6268.0;30.0
PI;Barreiras do Piauí;3234.0;3264.0;30.0
SC;Santa Helena;2395.0;2425.0;30.0
MG;Seritinga;1789.0;1819.0;30.0
MG;Campo Azul;3684.0;3714.0;30.0
RS;Faxinal do Soturno;6672.0;6702.0;30.0
BA;Itapitanga;10250.0;10279.0;29.0
PI;Paes Landim;4059.0;4088.0;29.0
SP;Santana da Ponte Pensa;1641.0;1670.0;29.0
AL;Santa Luzia do Norte;6891.0;6919.0;28.0
SP;Ribeirão Grande;7422.0;7450.0;28.0
PB;Poço de José de Moura;3978.0;4006.0;28.0
RS;Esmeralda;3168.0;3195.0;27.0
PE;Verdejante;9142.0;9169.0;27.0
MG;Ubaí;11681.0;11708.0;27.0
PI;Castelo do Piauí;19262.0;19288.0;26.0
MA;Governador Archer;10205.0;10231.0;26.0
MG;Pedro Teixeira;1785.0;1810.0;25.0
SP;Suzanápolis;3383.0;3408.0;25.0
RS;Protásio Alves;2000.0;2025.0;25.0
RS;Vista Gaúcha;2759.0;2783.0;24.0
PB;Prata;3891.0;3915.0;24.0
PR;Barracão;9735.0;9759.0;24.0
SC;Belmonte;2635.0;2658.0;23.0
SC;Modelo;4057.0;4080.0;23.0
BA;Jaborandi;9252.0;9275.0;23.0
MG;Conceição das Pedras;2749.0;2772.0;23.0
SC;Santa Rosa de Lima;2065.0;2088.0;23.0
SP;Guarantã;6404.0;6427.0;23.0
MS;Cassilândia;20966.0;20988.0;22.0
MG;Olímpio Noronha;2533.0;2555.0;22.0
PR;São João do Triunfo;13704.0;13726.0;22.0
TO;Lavandeira;1605.0;1626.0;21.0
SP;Anhembi;5653.0;5674.0;21.0
MG;Doresópolis;1440.0;1461.0;21.0
RS;Vista Alegre do Prata;1569.0;1590.0;21.0
RN;Taboleiro Grande;2317.0;2338.0;21.0
ES;Pinheiros;23895.0;23915.0;20.0
RJ;Itaocara;22899.0;22919.0;20.0
BA;Maetinga;6953.0;6973.0;20.0
PR;Bom Sucesso;6561.0;6581.0;20.0
RS;Vanini;1984.0;2004.0;20.0
MG;São Geraldo;10263.0;10282.0;19.0
RN;Parazinho;4782.0;4801.0;19.0
MG;Grupiara;1373.0;1392.0;19.0
MG;Bueno Brandão;10892.0;10911.0;19.0
RS;Santa Cecília do Sul;1655.0;1674.0;19.0
MT;Apiacás;8571.0;8590.0;19.0
RS;Cristal;7280.0;7299.0;19.0
MG;Rio Doce;2465.0;2484.0;19.0
SP;São Pedro do Turvo;7198.0;7217.0;19.0
CE;Tejuçuoca;17136.0;17154.0;18.0
PB;Pedra Branca;3721.0;3739.0;18.0
SP;Elisiário;3120.0;3138.0;18.0
SP;Álvares Florence;3897.0;3915.0;18.0
SP;Monteiro Lobato;4120.0;4138.0;18.0
MG;Serra da Saudade;815.0;833.0;18.0
PI;Novo Santo Antônio;2809.0;2827.0;18.0
PR;Ibaiti;28813.0;28830.0;17.0
SC;Presidente Nereu;2284.0;2301.0;17.0
RN;Vera Cruz;10719.0;10735.0;16.0
SC;Jacinto Machado;10608.0;10624.0;16.0
MA;Santo Antônio dos Lopes;14288.0;14304.0;16.0
PB;São José do Brejo do Cruz;1684.0;1699.0;15.0
BA;Anagé;25423.0;25438.0;15.0
MG;Chiador;2785.0;2800.0;15.0
RN;Monte das Gameleiras;2261.0;2276.0;15.0
PI;Júlio Borges;5373.0;5388.0;15.0
MG;Leopoldina;51130.0;51145.0;15.0
RS;Capão do Cipó;3104.0;3119.0;15.0
GO;Perolândia;2950.0;2964.0;14.0
BA;Paramirim;20337.0;20351.0;14.0
SC;Lauro Müller;14367.0;14381.0;14.0
SE;Divina Pastora;4326.0;4340.0;14.0
RS;Passo do Sobrado;6011.0;6025.0;14.0
PR;Salto do Itararé;5178.0;5192.0;14.0
SP;São João das Duas Pontes;2566.0;2580.0;14.0
MG;Heliodora;6121.0;6134.0;13.0
RJ;Trajano de Moraes;10289.0;10302.0;13.0
RS;Sertão Santana;5850.0;5863.0;13.0
MG;Centralina;10195.0;10207.0;12.0
RS;Dom Pedro de Alcântara;2550.0;2562.0;12.0
PI;Passagem Franca do Piauí;4123.0;4135.0;12.0
TO;Juarina;2231.0;2243.0;12.0
SP;Nova Europa;9300.0;9311.0;11.0
BA;Canarana;24195.0;24206.0;11.0
SE;Cumbe;3813.0;3824.0;11.0
PR;Rio Azul;14015.0;14025.0;10.0
AP;Pracuúba;3793.0;3803.0;10.0
MG;Campestre;20686.0;20696.0;10.0
CE;Guaramiranga;5644.0;5654.0;10.0
PI;João Costa;2960.0;2970.0;10.0
RJ;Italva;14063.0;14073.0;10.0
MT;Novo Santo Antônio;2005.0;2015.0;10.0
BA;Barro Alto;13444.0;13453.0;9.0
PB;São José do Bonfim;3233.0;3242.0;9.0
GO;Novo Brasil;3519.0;3527.0;8.0
RN;Triunfo Potiguar;3368.0;3376.0;8.0
SC;Jardinópolis;1769.0;1776.0;7.0
RS;Mormaço;2749.0;2756.0;7.0
MG;Tapira;4112.0;4118.0;6.0
PI;São José do Piauí;6591.0;6597.0;6.0
SP;Torrinha;9330.0;9335.0;5.0
MG;Marilac;4219.0;4224.0;5.0
MG;Mercês;10368.0;10373.0;5.0
PE;Bonito;37469.0;37474.0;5.0
SP;União Paulista;1599.0;1603.0;4.0
SC;Peritiba;2988.0;2992.0;4.0
RJ;Silva Jardim;21349.0;21352.0;3.0
CE;Jaguaribara;10353.0;10356.0;3.0
RS;Boa Vista do Sul;2776.0;2779.0;3.0
PI;Guadalupe;10268.0;10270.0;2.0
SP;Bariri;31593.0;31595.0;2.0
BA;Muritiba;28705.0;28707.0;2.0
PB;Pedro Régis;5765.0;5766.0;1.0
MA;Benedito Leite;5469.0;5469.0;0.0
MG;Carvalhópolis;3341.0;3341.0;0.0
PA;Magalhães Barata;8115.0;8115.0;0.0
GO;Damolândia;2725.0;2724.0;-1.0
BA;Ituaçu;17915.0;17914.0;-1.0
RN;Caiçara do Norte;6295.0;6293.0;-2.0
SP;Guarani d'Oeste;1970.0;1968.0;-2.0
SC;Mirim Doce;2513.0;2511.0;-2.0
PR;Boa Esperança;4560.0;4558.0;-2.0
RN;Várzea;5236.0;5233.0;-3.0
SP;Urânia;8836.0;8833.0;-3.0
GO;Araçu;3802.0;3799.0;-3.0
TO;Tocantinópolis;22619.0;22615.0;-4.0
PI;Manoel Emídio;5213.0;5209.0;-4.0
RS;Campestre da Serra;3247.0;3242.0;-5.0
RN;Afonso Bezerra;10844.0;10839.0;-5.0
MG;Vargem Bonita;2163.0;2158.0;-5.0
MG;Serranos;1995.0;1990.0;-5.0
PI;Redenção do Gurguéia;8400.0;8394.0;-6.0
SP;Emilianópolis;3020.0;3014.0;-6.0
MG;Leandro Ferreira;3205.0;3199.0;-6.0
PB;Paulista;11840.0;11834.0;-6.0
MG;Jacuí;7502.0;7495.0;-7.0
RS;Mato Queimado;1802.0;1795.0;-7.0
RS;Santa Vitória do Palmar;30990.0;30983.0;-7.0
RS;Caseiros;3007.0;3000.0;-7.0
SP;Brejo Alegre;2573.0;2565.0;-8.0
PI;Santo Inácio do Piauí;3654.0;3646.0;-8.0
PE;Buíque;52105.0;52097.0;-8.0
RJ;Natividade;15082.0;15074.0;-8.0
SC;São Carlos;10291.0;10282.0;-9.0
PI;Santa Filomena;6096.0;6087.0;-9.0
PI;Sussuapara;6229.0;6220.0;-9.0
SP;Iepê;7628.0;7619.0;-9.0
TO;Lagoa do Tocantins;3525.0;3516.0;-9.0
MG;Aracitaba;2058.0;2049.0;-9.0
MG;Felício dos Santos;5142.0;5133.0;-9.0
PR;Candói;14983.0;14973.0;-10.0
PB;Ouro Velho;2928.0;2918.0;-10.0
SP;Salmourão;4818.0;4808.0;-10.0
PR;Itaúna do Sul;3583.0;3572.0;-11.0
MG;Acaiaca;3920.0;3909.0;-11.0
RN;Januário Cicco;9062.0;9051.0;-11.0
SC;Meleiro;7018.0;7006.0;-12.0
MG;Douradoquara;1841.0;1829.0;-12.0
SP;Oriente;6097.0;6085.0;-12.0
PB;São João do Cariri;4239.0;4226.0;-13.0
RS;Fagundes Varela;2579.0;2566.0;-13.0
GO;Itapuranga;26127.0;26113.0;-14.0
SP;Inúbia Paulista;3630.0;3615.0;-15.0
PE;Pesqueira;62737.0;62722.0;-15.0
PR;Boa Vista da Aparecida;7939.0;7924.0;-15.0
MG;Abaeté;22690.0;22675.0;-15.0
MG;Monte Belo;13061.0;13046.0;-15.0
SP;Bom Sucesso de Itararé;3571.0;3555.0;-16.0
SP;Tapiraí;8012.0;7996.0;-16.0
MG;Ibitiúra de Minas;3382.0;3365.0;-17.0
PE;Alagoinha;13559.0;13542.0;-17.0
PI;São Lourenço do Piauí;4427.0;4410.0;-17.0
GO;Cachoeira de Goiás;1422.0;1405.0;-17.0
RN;Paraná;3952.0;3934.0;-18.0
RS;Ilópolis;4175.0;4157.0;-18.0
SP;Nova Campina;8515.0;8497.0;-18.0
RO;Itapuã do Oeste;8566.0;8548.0;-18.0
MG;Delfim Moreira;7971.0;7952.0;-19.0
MG;Antônio Carlos;11114.0;11095.0;-19.0
SC;Marema;2203.0;2184.0;-19.0
MG;Indianópolis;6190.0;6171.0;-19.0
RS;Nova Alvorada;3182.0;3163.0;-19.0
MG;Jordânia;10324.0;10304.0;-20.0
MG;Desterro do Melo;3015.0;2994.0;-21.0
SP;Ouro Verde;7800.0;7779.0;-21.0
RS;Capão Bonito do Sul;1754.0;1733.0;-21.0
MG;Umburatiba;2705.0;2684.0;-21.0
SP;Nova Guataporanga;2177.0;2156.0;-21.0
PB;Jericó;7538.0;7516.0;-22.0
PI;Francisco Macedo;2951.0;2929.0;-22.0
RN;Jandaíra;6585.0;6562.0;-23.0
MG;São Gonçalo do Rio Preto;3056.0;3032.0;-24.0
PR;Planaltina do Paraná;4095.0;4070.0;-25.0
PA;Santarém Novo;6141.0;6116.0;-25.0
PB;Joca Claudino;2564.0;2539.0;-25.0
MG;Serranópolis de Minas;4425.0;4399.0;-26.0
MG;Guarda-Mor;6565.0;6539.0;-26.0
SE;Ilha das Flores;8348.0;8321.0;-27.0
SC;Irati;2096.0;2069.0;-27.0
MG;Entre Folhas;5207.0;5179.0;-28.0
TO;Pindorama do Tocantins;4506.0;4478.0;-28.0
SP;Rubiácea;2729.0;2700.0;-29.0
RS;Colinas;2452.0;2423.0;-29.0
RN;Riacho de Santana;4156.0;4127.0;-29.0
PR;Arapuã;3557.0;3527.0;-30.0
PR;Nova Esperança;26615.0;26585.0;-30.0
MG;Casa Grande;2244.0;2214.0;-30.0
PR;Doutor Ulysses;5727.0;5697.0;-30.0
MG;Olaria;1976.0;1945.0;-31.0
MG;Vieiras;3731.0;3700.0;-31.0
MG;Águas Formosas;18479.0;18448.0;-31.0
PE;Calçado;11125.0;11093.0;-32.0
PA;Marapanim;26605.0;26573.0;-32.0
MS;Alcinópolis;4569.0;4537.0;-32.0
BA;Muquém do São Francisco;10475.0;10443.0;-32.0
PB;Poço Dantas;3863.0;3830.0;-33.0
RS;Mostardas;12124.0;12090.0;-34.0
RN;Água Nova;2980.0;2946.0;-34.0
MG;Glaucilândia;2962.0;2928.0;-34.0
PR;Guaporema;2226.0;2191.0;-35.0
SP;Magda;3200.0;3165.0;-35.0
SC;Leoberto Leal;3365.0;3330.0;-35.0
PR;Lidianópolis;3973.0;3938.0;-35.0
PI;Pavussu;3663.0;3628.0;-35.0
BA;Jacaraci;14473.0;14436.0;-37.0
GO;Cumari;2964.0;2927.0;-37.0
PR;Tunas do Paraná;6256.0;6219.0;-37.0
MG;Naque;6341.0;6303.0;-38.0
RS;Cerro Grande;2417.0;2379.0;-38.0
PB;Olivedos;3618.0;3580.0;-38.0
SC;Rio Rufino;2436.0;2397.0;-39.0
RN;Martins;8218.0;8179.0;-39.0
RN;Santo Antônio;22216.0;22177.0;-39.0
PB;Condado;6491.0;6451.0;-40.0
RN;Caiçara do Rio do Vento;3308.0;3268.0;-40.0
SP;Tabapuã;11363.0;11323.0;-40.0
RN;Serra de São Bento;5743.0;5703.0;-40.0
MA;Bacurituba;5293.0;5252.0;-41.0
TO;Itaporã do Tocantins;2445.0;2404.0;-41.0
PR;Sapopema;6736.0;6695.0;-41.0
MA;Feira Nova do Maranhão;8089.0;8048.0;-41.0
PI;Palmeira do Piauí;4993.0;4952.0;-41.0
MA;Paulo Ramos;20383.0;20341.0;-42.0
RN;Ipueira;2077.0;2035.0;-42.0
PI;São João da Serra;6157.0;6114.0;-43.0
RS;Montauri;1542.0;1499.0;-43.0
MG;São Francisco de Sales;5776.0;5732.0;-44.0
PR;Guamiranga;7900.0;7856.0;-44.0
MS;Camapuã;13628.0;13583.0;-45.0
MG;Piau;2841.0;2796.0;-45.0
SC;Presidente Castello Branco;1734.0;1689.0;-45.0
CE;Parambu;31491.0;31445.0;-46.0
GO;Mara Rosa;10746.0;10700.0;-46.0
CE;General Sampaio;6780.0;6734.0;-46.0
RS;Esperança do Sul;3272.0;3226.0;-46.0
PE;Macaparana;23925.0;23879.0;-46.0
RS;Paulo Bento;2191.0;2144.0;-47.0
SP;Avanhandava;11310.0;11263.0;-47.0
MG;Bertópolis;4498.0;4451.0;-47.0
MG;Conceição de Ipanema;4456.0;4409.0;-47.0
SP;Nantes;2707.0;2660.0;-47.0
RS;Faxinalzinho;2567.0;2520.0;-47.0
SC;Macieira;1826.0;1778.0;-48.0
RS;Santo Antônio do Palma;2139.0;2091.0;-48.0
RS;Alto Alegre;1848.0;1800.0;-48.0
TO;Ipueiras;1639.0;1590.0;-49.0
RS;Bozano;2200.0;2151.0;-49.0
MG;Carneirinho;9471.0;9422.0;-49.0
MA;Senador Alexandre Costa;10256.0;10207.0;-49.0
MG;Ingaí;2629.0;2580.0;-49.0
PI;Prata do Piauí;3092.0;3042.0;-50.0
MG;Aricanduva;4770.0;4719.0;-51.0
PI;Assunção do Piauí;7503.0;7452.0;-51.0
RN;Campo Redondo;10266.0;10215.0;-51.0
MA;Vitorino Freire;30897.0;30845.0;-52.0
SP;Lutécia;2714.0;2661.0;-53.0
RS;Soledade;30044.0;29991.0;-53.0
RS;Ernestina;3088.0;3034.0;-54.0
SP;Sandovalina;3699.0;3645.0;-54.0
SC;Major Vieira;7479.0;7425.0;-54.0
RN;Galinhos;2159.0;2104.0;-55.0
SC;Abdon Batista;2653.0;2598.0;-55.0
PB;Santa Helena;5920.0;5865.0;-55.0
RS;Maratá;2527.0;2470.0;-57.0
BA;Jitaúna;14413.0;14355.0;-58.0
PI;Pio IX;17671.0;17613.0;-58.0
RS;Sobradinho;14285.0;14226.0;-59.0
TO;Maurilândia do Tocantins;3154.0;3095.0;-59.0
MG;Santo Antônio do Amparo;17345.0;17285.0;-60.0
SC;São Bernardino;2744.0;2684.0;-60.0
SP;São Luiz do Paraitinga;10397.0;10337.0;-60.0
AM;Juruá;10802.0;10742.0;-60.0
RS;São José do Norte;25503.0;25443.0;-60.0
SC;São Bonifácio;3008.0;2946.0;-62.0
MG;Araçaí;2243.0;2181.0;-62.0
PR;Jataizinho;11875.0;11813.0;-62.0
SP;Nova Castilho;1125.0;1062.0;-63.0
SC;Frei Rogério;2474.0;2411.0;-63.0
MG;Soledade de Minas;5676.0;5613.0;-63.0
MG;Novo Oriente de Minas;10339.0;10275.0;-64.0
MA;Santa Quitéria do Maranhão;24021.0;23957.0;-64.0
SP;Barra do Chapéu;5244.0;5179.0;-65.0
SC;Major Gercino;3279.0;3214.0;-65.0
MG;Tabuleiro;4079.0;4014.0;-65.0
PI;Francisco Ayres;4477.0;4412.0;-65.0
RN;José da Penha;5868.0;5803.0;-65.0
PR;Jardim Olinda;1409.0;1343.0;-66.0
RS;Paverama;8044.0;7978.0;-66.0
SP;Cabrália Paulista;4365.0;4299.0;-66.0
RS;Santo Augusto;13968.0;13902.0;-66.0
MS;Miranda;25602.0;25536.0;-66.0
PB;Carrapateira;2378.0;2312.0;-66.0
SP;Oscar Bressane;2537.0;2470.0;-67.0
RS;Hulha Negra;6043.0;5976.0;-67.0
RS;Dois Irmãos das Missões;2157.0;2090.0;-67.0
MG;Passa Quatro;15582.0;15515.0;-67.0
MG;Santa Maria de Itabira;10552.0;10485.0;-67.0
RS;Espumoso;15240.0;15173.0;-67.0
GO;São Simão;17088.0;17020.0;-68.0
PI;Landri Sales;5281.0;5213.0;-68.0
BA;Araçás;11625.0;11557.0;-68.0
PR;Cafeara;2695.0;2627.0;-68.0
SP;Bento de Abreu;2674.0;2606.0;-68.0
PI;Monsenhor Gil;10324.0;10255.0;-69.0
SP;Dirce Reis;1689.0;1620.0;-69.0
TO;Santa Terezinha do Tocantins;2475.0;2406.0;-69.0
PR;Cruzeiro do Sul;4563.0;4494.0;-69.0
MG;Icaraí de Minas;10746.0;10677.0;-69.0
PI;Morro Cabeça no Tempo;4447.0;4377.0;-70.0
RS;São José do Ouro;6904.0;6834.0;-70.0
RJ;Carmo;17269.0;17198.0;-71.0
SP;Tarabai;6607.0;6536.0;-71.0
RS;Cotiporã;3917.0;3846.0;-71.0
MG;Veríssimo;3483.0;3411.0;-72.0
RJ;Rio Claro;17473.0;17401.0;-72.0
SC;Atalanta;3300.0;3227.0;-73.0
RS;Vila Lângaro;2152.0;2079.0;-73.0
SC;Águas de Chapecó;6110.0;6036.0;-74.0
CE;Altaneira;6856.0;6782.0;-74.0
PI;Morro do Chapéu do Piauí;6499.0;6425.0;-74.0
SP;Planalto;4463.0;4389.0;-74.0
PB;Tavares;14176.0;14101.0;-75.0
GO;Moiporá;1760.0;1685.0;-75.0
MG;Guidoval;7206.0;7131.0;-75.0
MA;Porto Rico do Maranhão;6030.0;5954.0;-76.0
GO;Mimoso de Goiás;2690.0;2614.0;-76.0
SP;Aguaí;32148.0;32072.0;-76.0
GO;Jaupaci;3000.0;2924.0;-76.0
PI;Riacho Frio;4241.0;4165.0;-76.0
PI;Juazeiro do Piauí;5290.0;5214.0;-76.0
GO;Palmelo;2335.0;2259.0;-76.0
PI;Campo Alegre do Fidalgo;4693.0;4616.0;-77.0
CE;Pacujá;6253.0;6175.0;-78.0
SC;Matos Costa;2839.0;2761.0;-78.0
GO;Aloândia;2051.0;1973.0;-78.0
PR;Arapoti;25855.0;25777.0;-78.0
PB;Gado Bravo;8258.0;8179.0;-79.0
SC;Guarujá do Sul;4908.0;4829.0;-79.0
MS;Corguinho;4862.0;4783.0;-79.0
SP;Sud Mennucci;7435.0;7355.0;-80.0
RS;André da Rocha;1216.0;1135.0;-81.0
BA;Fátima;17976.0;17895.0;-81.0
PB;Salgadinho;3436.0;3355.0;-81.0
PB;Nazarezinho;7284.0;7203.0;-81.0
MA;Lago dos Rodrigues;8840.0;8758.0;-82.0
SP;Nova Canaã Paulista;2114.0;2032.0;-82.0
RS;Aratiba;6565.0;6483.0;-82.0
MG;Ressaquinha;4630.0;4548.0;-82.0
SP;Clementina;7065.0;6982.0;-83.0
PR;Ariranha do Ivaí;2413.0;2329.0;-84.0
MG;Paiva;1558.0;1474.0;-84.0
PE;Itacuruba;4369.0;4284.0;-85.0
SP;Pongaí;3481.0;3395.0;-86.0
RS;Forquetinha;2479.0;2393.0;-86.0
MG;Piedade de Ponte Nova;4062.0;3976.0;-86.0
PI;Dom Inocêncio;9245.0;9159.0;-86.0
MG;Onça de Pitangui;3055.0;2969.0;-86.0
MT;Araguainha;1096.0;1010.0;-86.0
PR;Itaguajé;4568.0;4481.0;-87.0
SP;Espírito Santo do Turvo;4244.0;4157.0;-87.0
PB;Frei Martinho;2933.0;2846.0;-87.0
PR;Quinta do Sol;5088.0;5001.0;-87.0
MG;São João do Pacuí;4060.0;3972.0;-88.0
MA;Cedral;10297.0;10208.0;-89.0
RJ;Santa Maria Madalena;10321.0;10232.0;-89.0
PI;Caldeirão Grande do Piauí;5592.0;5503.0;-89.0
PR;Mirador;2327.0;2238.0;-89.0
MA;Tufilândia;5596.0;5507.0;-89.0
TO;Brasilândia do Tocantins;2064.0;1974.0;-90.0
MG;Nova Era;17528.0;17438.0;-90.0
PA;Igarapé-Açu;35887.0;35797.0;-90.0
SC;Ouro Verde;2271.0;2181.0;-90.0
PR;Rio Branco do Ivaí;3898.0;3808.0;-90.0
MA;Godofredo Viana;10276.0;10186.0;-90.0
PR;Iguatu;2234.0;2144.0;-90.0
MG;Queluzito;1861.0;1770.0;-91.0
PI;Lagoa de São Francisco;6422.0;6331.0;-91.0
RN;Jaçanã;7925.0;7834.0;-91.0
PR;Tapira;5836.0;5745.0;-91.0
PR;Maria Helena;5956.0;5865.0;-91.0
PR;Bom Sucesso do Sul;3293.0;3202.0;-91.0
PI;Jurema;4517.0;4425.0;-92.0
MG;Botelhos;14920.0;14828.0;-92.0
RS;Muliterno;1813.0;1721.0;-92.0
MG;Bom Sucesso;17243.0;17151.0;-92.0
SC;Riqueza;4860.0;4768.0;-92.0
SC;Ponte Alta do Norte;3303.0;3210.0;-93.0
SC;Lindóia do Sul;4642.0;4549.0;-93.0
MG;Caputira;9030.0;8936.0;-94.0
TO;Crixás do Tocantins;1564.0;1470.0;-94.0
BA;Rio de Contas;13278.0;13184.0;-94.0
PR;Boa Ventura de São Roque;6472.0;6378.0;-94.0
PR;Santa Inês;1842.0;1748.0;-94.0
RJ;Conceição de Macabu;21200.0;21104.0;-96.0
PB;Princesa Isabel;21210.0;21114.0;-96.0
GO;Anhanguera;1020.0;924.0;-96.0
MG;Oliveira Fortes;2123.0;2027.0;-96.0
SP;Populina;4223.0;4127.0;-96.0
GO;Uruana;13826.0;13729.0;-97.0
MG;Santana do Garambéu;2234.0;2137.0;-97.0
RS;Fortaleza dos Valos;4575.0;4477.0;-98.0
MG;Capitão Enéas;14206.0;14108.0;-98.0
RS;Almirante Tamandaré do Sul;2067.0;1969.0;-98.0
MG;Minduri;3840.0;3741.0;-99.0
MG;Campo do Meio;11476.0;11377.0;-99.0
RS;Marques de Souza;4068.0;3969.0;-99.0
MT;Rondolândia;3604.0;3505.0;-99.0
SP;Embaúba;2423.0;2323.0;-100.0
MG;Vargem Grande do Rio Pardo;4733.0;4633.0;-100.0
MG;Guapé;13872.0;13772.0;-100.0
PR;Jundiaí do Sul;3433.0;3333.0;-100.0
RN;Lagoa de Velhos;2668.0;2567.0;-101.0
ES;Vila Valério;13830.0;13728.0;-102.0
GO;Santa Rosa de Goiás;2922.0;2820.0;-102.0
RS;Vale Verde;3253.0;3150.0;-103.0
RS;Turuçu;3522.0;3419.0;-103.0
PI;São Miguel da Baixa Grande;2373.0;2269.0;-104.0
TO;Aurora do Tocantins;3446.0;3342.0;-104.0
PR;Enéas Marques;6103.0;5999.0;-104.0
RS;São Valério do Sul;2647.0;2543.0;-104.0
SC;Ibicaré;3373.0;3269.0;-104.0
PI;Jacobina do Piauí;5717.0;5613.0;-104.0
SC;Descanso;8634.0;8530.0;-104.0
PE;Correntes;17235.0;17131.0;-104.0
MG;Araponga;8152.0;8048.0;-104.0
SP;Sabino;5217.0;5112.0;-105.0
SE;Amparo do São Francisco;2275.0;2170.0;-105.0
MG;Piedade do Rio Grande;4709.0;4604.0;-105.0
TO;Talismã;2562.0;2456.0;-106.0
PB;Gurinhém;13872.0;13766.0;-106.0
CE;Banabuiú;17302.0;17195.0;-107.0
SP;Taquaral;2726.0;2619.0;-107.0
PI;São Julião;6132.0;6025.0;-107.0
AL;Belém;4829.0;4722.0;-107.0
SC;Novo Horizonte;2750.0;2643.0;-107.0
RS;Nova Pádua;2450.0;2343.0;-107.0
PR;Nova Aliança do Ivaí;1431.0;1323.0;-108.0
MG;José Raydan;4376.0;4268.0;-108.0
RS;Anta Gorda;6066.0;5957.0;-109.0
RS;Muitos Capões;2988.0;2879.0;-109.0
PR;Wenceslau Braz;19298.0;19188.0;-110.0
RN;Frutuoso Gomes;4233.0;4122.0;-111.0
RS;Novo Xingu;1757.0;1646.0;-111.0
RS;Monte Belo do Sul;2668.0;2557.0;-111.0
RS;Morrinhos do Sul;3182.0;3071.0;-111.0
PI;Nova Santa Rita;4187.0;4076.0;-111.0
SP;Turiúba;1930.0;1818.0;-112.0
PI;Paquetá;3925.0;3813.0;-112.0
RS;Santo Expedito do Sul;2461.0;2349.0;-112.0
MG;Santana do Deserto;3860.0;3747.0;-113.0
SP;Echaporã;6318.0;6205.0;-113.0
RN;São Bento do Trairí;3905.0;3792.0;-113.0
PB;Água Branca;9449.0;9335.0;-114.0
PB;Bom Jesus;2400.0;2286.0;-114.0
PB;Nova Palmeira;4373.0;4259.0;-114.0
TO;Carmolândia;2316.0;2201.0;-115.0
SP;Alvinlândia;3000.0;2885.0;-115.0
GO;Estrela do Norte;3320.0;3205.0;-115.0
MG;Congonhas do Norte;4946.0;4831.0;-115.0
RS;Sagrada Família;2595.0;2480.0;-115.0
AL;Coité do Nóia;10926.0;10810.0;-116.0
MG;Santa Helena de Minas;6055.0;5938.0;-117.0
MA;Graça Aranha;6140.0;6023.0;-117.0
MG;Dom Bosco;3814.0;3697.0;-117.0
PR;São Tomé;5349.0;5232.0;-117.0
SC;União do Oeste;2892.0;2774.0;-118.0
RS;Planalto;10524.0;10406.0;-118.0
BA;Elísio Medrado;7926.0;7808.0;-118.0
RS;Coronel Pilar;1725.0;1607.0;-118.0
SP;Areias;3696.0;3577.0;-119.0
ES;Alfredo Chaves;13955.0;13836.0;-119.0
RN;Bodó;2425.0;2306.0;-119.0
PR;Adrianópolis;6376.0;6256.0;-120.0
PR;Esperança Nova;1970.0;1849.0;-121.0
SC;Vidal Ramos;6310.0;6189.0;-121.0
PB;Parari;1842.0;1720.0;-122.0
MT;Tabaporã;9942.0;9818.0;-124.0
MG;Jequitinhonha;24131.0;24007.0;-124.0
SP;Catiguá;7127.0;7003.0;-124.0
MG;Quartel Geral;3303.0;3179.0;-124.0
MG;Tocos do Moji;3950.0;3826.0;-124.0
PI;Guaribas;4401.0;4276.0;-125.0
RS;Minas do Leão;7631.0;7505.0;-126.0
MA;Lima Campos;11423.0;11297.0;-126.0
AP;Amapá;8069.0;7943.0;-126.0
PI;Brejo do Piauí;4030.0;3904.0;-126.0
MG;Nova Módica;3790.0;3663.0;-127.0
MG;Pintópolis;7211.0;7084.0;-127.0
SC;Capão Alto;2753.0;2625.0;-128.0
SC;São Miguel da Boa Vista;1909.0;1781.0;-128.0
RN;Rafael Godeiro;3063.0;2934.0;-129.0
MG;Cedro do Abaeté;1210.0;1081.0;-129.0
RS;São Pedro das Missões;1886.0;1757.0;-129.0
TO;Figueirópolis;5340.0;5211.0;-129.0
PI;Jardim do Mulato;4309.0;4180.0;-129.0
PI;São Félix do Piauí;2972.0;2842.0;-130.0
MA;Pio XII;22016.0;21886.0;-130.0
RS;Chiapetta;4044.0;3913.0;-131.0
GO;Água Fria de Goiás;5085.0;4954.0;-131.0
RS;Arroio do Padre;2730.0;2599.0;-131.0
SP;Pontes Gestal;2518.0;2387.0;-131.0
RS;Novo Tiradentes;2277.0;2146.0;-131.0
SC;Bela Vista do Toldo;6004.0;5872.0;-132.0
TO;Pequizeiro;5054.0;4921.0;-133.0
MG;Antônio Prado de Minas;1671.0;1538.0;-133.0
MG;Santana de Cataguases;3622.0;3489.0;-133.0
PB;São João do Tigre;4396.0;4263.0;-133.0
RS;Santiago;49071.0;48938.0;-133.0
RS;Cristal do Sul;2826.0;2692.0;-134.0
MG;Carvalhos;4556.0;4422.0;-134.0
BA;Ibititá;17103.0;16969.0;-134.0
RS;Doutor Ricardo;2022.0;1888.0;-134.0
PB;Serra da Raiz;3228.0;3094.0;-134.0
SP;Itirapuã;5914.0;5779.0;-135.0
AL;Pindoba;2866.0;2731.0;-135.0
MG;Pedra do Anta;3446.0;3311.0;-135.0
RS;Pouso Novo;1875.0;1739.0;-136.0
SP;Pedrinhas Paulista;2940.0;2804.0;-136.0
PI;Alegrete do Piauí;4771.0;4634.0;-137.0
PR;Rio Bom;3334.0;3197.0;-137.0
GO;Santa Cruz de Goiás;3140.0;3002.0;-138.0
BA;Caém;10522.0;10384.0;-138.0
GO;Guarinos;2299.0;2161.0;-138.0
GO;Uirapuru;2936.0;2798.0;-138.0
SC;Painel;2353.0;2215.0;-138.0
RS;Tavares;5351.0;5212.0;-139.0
SC;Mondaí;10205.0;10066.0;-139.0
PI;Miguel Alves;32289.0;32150.0;-139.0
RS;Nova Bréscia;3184.0;3044.0;-140.0
SE;Ribeirópolis;17173.0;17033.0;-140.0
PR;Campina do Simão;4076.0;3936.0;-140.0
PI;Vila Nova do Piauí;3076.0;2935.0;-141.0
RS;Senador Salgado Filho;2814.0;2673.0;-141.0
MG;Itambé do Mato Dentro;2283.0;2142.0;-141.0
AL;Olho d'Água do Casado;8491.0;8349.0;-142.0
PE;Mirandiba;14308.0;14166.0;-142.0
PB;São José de Piranhas;19209.0;19067.0;-142.0
PR;Borrazópolis;7878.0;7735.0;-143.0
RN;Lucrécia;3633.0;3490.0;-143.0
MG;Felixlândia;14121.0;13978.0;-143.0
PR;Nova Londrina;13067.0;12923.0;-144.0
MG;Arapuá;2775.0;2631.0;-144.0
RS;Eugênio de Castro;2778.0;2633.0;-145.0
PR;Cruzeiro do Iguaçu;4278.0;4133.0;-145.0
RN;Serrinha;6581.0;6436.0;-145.0
AL;Jundiá;4237.0;4092.0;-145.0
MG;Cascalho Rico;2857.0;2712.0;-145.0
BA;Uibaí;13578.0;13432.0;-146.0
MG;Pedrinópolis;3490.0;3344.0;-146.0
MA;Anapurus;13939.0;13793.0;-146.0
RS;Condor;6552.0;6406.0;-146.0
PI;São Miguel do Fidalgo;2976.0;2829.0;-147.0
GO;Santa Isabel;3686.0;3538.0;-148.0
PE;Nazaré da Mata;30796.0;30648.0;-148.0
PI;Floresta do Piauí;2482.0;2333.0;-149.0
SC;Alto Bela Vista;2005.0;1856.0;-149.0
RN;Pedra Preta;2590.0;2441.0;-149.0
RJ;Porciúncula;17437.0;17288.0;-149.0
SC;Irineópolis;10434.0;10285.0;-149.0
PR;Alto Paraíso;3206.0;3055.0;-151.0
MG;Rio Preto;5292.0;5141.0;-151.0
RS;Pedras Altas;2212.0;2061.0;-151.0
RJ;Laje do Muriaé;7487.0;7336.0;-151.0
CE;Potiretama;6126.0;5974.0;-152.0
PB;Conceição;18412.0;18260.0;-152.0
RS;Canudos do Vale;1809.0;1656.0;-153.0
PR;Rosário do Ivaí;5588.0;5435.0;-153.0
CE;Chaval;12615.0;12462.0;-153.0
RS;Boa Vista do Incra;2425.0;2271.0;-154.0
GO;Davinópolis;2056.0;1902.0;-154.0
RS;Três Forquilhas;2914.0;2760.0;-154.0
GO;Jesúpolis;2278.0;2123.0;-155.0
GO;Água Limpa;2013.0;1858.0;-155.0
MG;São Pedro da União;5040.0;4885.0;-155.0
BA;Chorrochó;10734.0;10579.0;-155.0
MA;São Mateus do Maranhão;38985.0;38829.0;-156.0
GO;Santo Antônio da Barra;4423.0;4267.0;-156.0
TO;Palmeirante;4954.0;4798.0;-156.0
RS;Vespasiano Corrêa;1974.0;1818.0;-156.0
MG;Itaverava;5799.0;5642.0;-157.0
SC;Ipira;4735.0;4578.0;-157.0
CE;Jaguaruana;31859.0;31701.0;-158.0
PI;Agricolândia;5098.0;4940.0;-158.0
RO;Pimenteiras do Oeste;2315.0;2156.0;-159.0
PB;Mato Grosso;2702.0;2543.0;-159.0
MG;Belmiro Braga;3403.0;3244.0;-159.0
AM;Guajará;13974.0;13815.0;-159.0
RS;Coxilha;2826.0;2667.0;-159.0
TO;Chapada da Natividade;3277.0;3117.0;-160.0
SC;Palma Sola;7765.0;7605.0;-160.0
PR;Lindoeste;5335.0;5175.0;-160.0
SP;Óleo;2673.0;2512.0;-161.0
MG;Caparaó;5209.0;5048.0;-161.0
PI;Jatobá do Piauí;4656.0;4494.0;-162.0
SP;Ribeirão dos Índios;2187.0;2025.0;-162.0
RS;Travesseiro;2314.0;2152.0;-162.0
BA;Mirante;10349.0;10187.0;-162.0
SP;Arapeí;2493.0;2330.0;-163.0
AL;São Brás;6718.0;6555.0;-163.0
GO;Amaralina;3432.0;3268.0;-164.0
BA;Buritirama;19753.0;19589.0;-164.0
MT;Vale de São Domingos;3068.0;2904.0;-164.0
SE;Canhoba;3956.0;3791.0;-165.0
CE;Deputado Irapuan Pinheiro;9097.0;8932.0;-165.0
TO;Sucupira;1742.0;1577.0;-165.0
PB;Cuitegi;6895.0;6730.0;-165.0
PA;São Francisco do Pará;15060.0;14894.0;-166.0
MG;Passabém;1766.0;1600.0;-166.0
SP;Cruzália;2274.0;2108.0;-166.0
SP;Platina;3192.0;3025.0;-167.0
PE;Taquaritinga do Norte;24903.0;24736.0;-167.0
PI;Alto Longá;13646.0;13479.0;-167.0
PB;Livramento;7044.0;6877.0;-167.0
MG;Ibituruna;2866.0;2698.0;-168.0
PI;Arraial;4688.0;4520.0;-168.0
MA;Presidente Vargas;10717.0;10549.0;-168.0
PR;Virmond;3979.0;3811.0;-168.0
MG;Berizal;4370.0;4201.0;-169.0
PI;São João da Fronteira;5691.0;5522.0;-169.0
SP;Santa Maria da Serra;5413.0;5243.0;-170.0
PB;Monte Horebe;4508.0;4338.0;-170.0
SE;Siriri;8004.0;7834.0;-170.0
SC;São Domingos;9396.0;9226.0;-170.0
RN;Jardim de Angicos;2607.0;2437.0;-170.0
RS;São Domingos do Sul;2926.0;2754.0;-172.0
RS;Vista Alegre;2832.0;2660.0;-172.0
PI;Parnaguá;10276.0;10103.0;-173.0
TO;Jaú do Tocantins;3507.0;3334.0;-173.0
PB;Casserengue;7062.0;6889.0;-173.0
RN;Serra Negra do Norte;7770.0;7597.0;-173.0
GO;Guarani de Goiás;4258.0;4085.0;-173.0
RN;Francisco Dantas;2874.0;2700.0;-174.0
GO;Buritinópolis;3319.0;3145.0;-174.0
PR;Conselheiro Mairinck;3636.0;3461.0;-175.0
MG;Miraí;13808.0;13633.0;-175.0
MG;Consolação;1738.0;1563.0;-175.0
RS;Ponte Preta;1750.0;1575.0;-175.0
SP;Pedregulho;15700.0;15525.0;-175.0
SP;Júlio Mesquita;4430.0;4254.0;-176.0
PB;Manaíra;10610.0;10434.0;-176.0
TO;Pugmil;2369.0;2193.0;-176.0
RN;Rodolfo Fernandes;4418.0;4242.0;-176.0
PI;Santa Luz;5513.0;5336.0;-177.0
SP;Lourdes;2128.0;1950.0;-178.0
GO;Córrego do Ouro;2632.0;2454.0;-178.0
BA;Andorinha;15190.0;15012.0;-178.0
PB;Areia de Baraúnas;2183.0;2005.0;-178.0
PB;Santa Teresinha;4581.0;4402.0;-179.0
PB;Pilões;6995.0;6815.0;-180.0
SP;Novais;4592.0;4412.0;-180.0
GO;Adelândia;2477.0;2297.0;-180.0
RS;Dois Lajeados;3278.0;3097.0;-181.0
RS;Boa Vista das Missões;2114.0;1933.0;-181.0
RS;Guabiju;1598.0;1417.0;-181.0
PI;Santo Antônio de Lisboa;6020.0;5839.0;-181.0
PB;Vieirópolis;5045.0;4864.0;-181.0
RS;Morro Redondo;6227.0;6046.0;-181.0
RS;Cambará do Sul;6542.0;6361.0;-181.0
SP;Macaubal;7663.0;7481.0;-182.0
SP;Timburi;2646.0;2464.0;-182.0
AL;Roteiro;6656.0;6474.0;-182.0
MG;São Félix de Minas;3382.0;3200.0;-182.0
TO;São Sebastião do Tocantins;4283.0;4100.0;-183.0
SP;Restinga;6587.0;6404.0;-183.0
MG;Tapiraí;1873.0;1690.0;-183.0
RS;Ibiaçá;4710.0;4527.0;-183.0
PI;Pajeú do Piauí;3183.0;3000.0;-183.0
GO;Guaraíta;2372.0;2188.0;-184.0
RN;Almino Afonso;4871.0;4687.0;-184.0
CE;Granjeiro;5025.0;4841.0;-184.0
PE;Quixaba;6739.0;6554.0;-185.0
MA;Presidente Juscelino;11541.0;11356.0;-185.0
RN;Maxaranguape;10441.0;10255.0;-186.0
PR;Marilândia do Sul;8863.0;8677.0;-186.0
TO;Cachoeirinha;2148.0;1961.0;-187.0
MG;São Gonçalo do Abaeté;7562.0;7375.0;-187.0
MG;Lontra;8977.0;8790.0;-187.0
MG;Alpinópolis;18488.0;18300.0;-188.0
BA;Jeremoabo;37814.0;37626.0;-188.0
MG;Faria Lemos;3376.0;3188.0;-188.0
SE;Poço Verde;21983.0;21794.0;-189.0
PI;Sigefredo Pacheco;9649.0;9460.0;-189.0
PE;Itapetim;13980.0;13791.0;-189.0
MG;Porteirinha;37627.0;37438.0;-189.0
PI;Domingos Mourão;4264.0;4075.0;-189.0
ES;Mucurici;5655.0;5466.0;-189.0
RS;Muçum;4791.0;4601.0;-190.0
MG;Luislândia;6400.0;6210.0;-190.0
MG;Cachoeira Dourada;2505.0;2315.0;-190.0
SP;São Francisco;2793.0;2602.0;-191.0
MG;Monjolos;2360.0;2169.0;-191.0
RS;Independência;6618.0;6427.0;-191.0
PE;Canhotinho;24521.0;24329.0;-192.0
PR;Ourizona;3380.0;3187.0;-193.0
RO;São Miguel do Guaporé;21828.0;21635.0;-193.0
MG;Dores de Guanhães;5223.0;5029.0;-194.0
MG;Rio Novo;8712.0;8518.0;-194.0
RS;Tuparendi;8557.0;8363.0;-194.0
PI;Porto Alegre do Piauí;2559.0;2364.0;-195.0
BA;Ibipeba;16798.0;16603.0;-195.0
SP;Monções;2132.0;1937.0;-195.0
SE;Pedra Mole;2974.0;2778.0;-196.0
PI;Santa Cruz do Piauí;6027.0;5831.0;-196.0
ES;Iconha;12523.0;12326.0;-197.0
RS;Gaurama;5862.0;5665.0;-197.0
MG;Wenceslau Braz;2553.0;2356.0;-197.0
PR;Nova América da Colina;3478.0;3280.0;-198.0
PE;Jataúba;16042.0;15843.0;-199.0
GO;Itarumã;6300.0;6101.0;-199.0
GO;Nova Glória;8509.0;8310.0;-199.0
MG;Comendador Gomes;2972.0;2773.0;-199.0
RS;Tupanci do Sul;1573.0;1374.0;-199.0
PB;Dona Inês;10579.0;10380.0;-199.0
PE;Lagoa do Ouro;12132.0;11933.0;-199.0
MG;Senhora de Oliveira;5683.0;5483.0;-200.0
PE;Santa Cruz da Baixa Verde;11768.0;11567.0;-201.0
PR;Sertaneja;5817.0;5616.0;-201.0
BA;Aiquara;4648.0;4447.0;-201.0
MG;Alvinópolis;15261.0;15059.0;-202.0
PI;São João da Canabrava;4445.0;4242.0;-203.0
RS;Quevedos;2710.0;2507.0;-203.0
MG;São Vicente de Minas;7008.0;6804.0;-204.0
MG;Oliveira;39466.0;39262.0;-204.0
GO;Bonópolis;3503.0;3299.0;-204.0
RN;Passa e Fica;11100.0;10896.0;-204.0
MA;Sucupira do Norte;10444.0;10238.0;-206.0
PB;Cacimba de Areia;3498.0;3291.0;-207.0
SP;Torre de Pedra;2254.0;2046.0;-208.0
PI;Ribeira do Piauí;4263.0;4055.0;-208.0
TO;Colméia;9150.0;8941.0;-209.0
MG;Romaria;3596.0;3386.0;-210.0
SC;Santa Cecília;15757.0;15546.0;-211.0
BA;Milagres;11283.0;11071.0;-212.0
RJ;Bom Jesus do Itabapoana;35385.0;35173.0;-212.0
BA;Itapicuru;31891.0;31679.0;-212.0
RS;Boa Vista do Cadeado;2441.0;2229.0;-212.0
BA;Nazaré;27273.0;27060.0;-213.0
PB;Curral Velho;2505.0;2292.0;-213.0
BA;Itagibá;15523.0;15310.0;-213.0
MG;Argirita;2901.0;2688.0;-213.0
TO;Santa Maria do Tocantins;2894.0;2680.0;-214.0
PR;Xambrê;6012.0;5798.0;-214.0
MG;Piranga;17232.0;17018.0;-214.0
SP;Águas da Prata;7584.0;7369.0;-215.0
PR;Santa Mônica;3571.0;3356.0;-215.0
SC;Vargem;2843.0;2627.0;-216.0
MT;Glória D'Oeste;3121.0;2905.0;-216.0
SP;Rancharia;28804.0;28588.0;-216.0
GO;Heitoraí;3571.0;3354.0;-217.0
SP;Taiaçu;5894.0;5677.0;-217.0
GO;Paraúna;10876.0;10659.0;-217.0
SC;Vargem Bonita;4793.0;4576.0;-217.0
AL;Olivença;11029.0;10812.0;-217.0
TO;Goianorte;4956.0;4738.0;-218.0
MG;Ponto Chique;3966.0;3747.0;-219.0
MS;Novo Horizonte do Sul;4940.0;4721.0;-219.0
PB;Barra de Santana;8278.0;8059.0;-219.0
MG;Santo Antônio do Itambé;4135.0;3915.0;-220.0
SC;Monte Carlo;9337.0;9117.0;-220.0
CE;Arneiroz;7650.0;7429.0;-221.0
MG;Cantagalo;4195.0;3974.0;-221.0
SC;Barra Bonita;1889.0;1668.0;-221.0
MG;Coronel Pacheco;2983.0;2762.0;-221.0
PI;Wall Ferraz;4280.0;4059.0;-221.0
BA;Lagoa Real;14326.0;14105.0;-221.0
RS;Campinas do Sul;5506.0;5284.0;-222.0
MG;Goiabeira;3053.0;2830.0;-223.0
TO;Tupiratins;2097.0;1874.0;-223.0
GO;Formoso;4883.0;4660.0;-223.0
RS;Aceguá;4394.0;4170.0;-224.0
SP;São José do Barreiro;4077.0;3853.0;-224.0
SP;Casa Branca;28307.0;28083.0;-224.0
AL;São Sebastião;32010.0;31786.0;-224.0
BA;Ibiquera;3949.0;3725.0;-224.0
RS;Ipiranga do Sul;1944.0;1720.0;-224.0
PE;Terezinha;6737.0;6513.0;-224.0
RS;Jari;3573.0;3349.0;-224.0
PB;Juripiranga;10237.0;10012.0;-225.0
PB;São Domingos;2820.0;2595.0;-225.0
PA;São Caetano de Odivelas;16891.0;16666.0;-225.0
PB;Pitimbu;16976.0;16751.0;-225.0
RS;Vitória das Missões;3485.0;3260.0;-225.0
RS;Benjamin Constant do Sul;2307.0;2082.0;-225.0
BA;Itabela;28391.0;28165.0;-226.0
SC;Campo Belo do Sul;7483.0;7257.0;-226.0
GO;Panamá;2681.0;2455.0;-226.0
SP;Ribeira;3358.0;3132.0;-226.0
TO;Bernardo Sayão;4456.0;4229.0;-227.0
MA;Fortuna;17203.0;16976.0;-227.0
SE;Itabi;4972.0;4745.0;-227.0
MS;Batayporã;10939.0;10712.0;-227.0
RS;Santa Tereza;1732.0;1505.0;-227.0
TO;Novo Jardim;2457.0;2230.0;-227.0
RS;Ivorá;2156.0;1929.0;-227.0
MG;Formoso;8177.0;7949.0;-228.0
RS;Pejuçara;3973.0;3745.0;-228.0
MT;Salto do Céu;3908.0;3679.0;-229.0
PR;Rancho Alegre D'Oeste;2847.0;2618.0;-229.0
CE;Quixelô;16139.0;15910.0;-229.0
CE;Lavras da Mangabeira;31032.0;30802.0;-230.0
PR;Figueira;8293.0;8062.0;-231.0
RS;Engenho Velho;1527.0;1296.0;-231.0
TO;Riachinho;4191.0;3960.0;-231.0
MS;Santa Rita do Pardo;7259.0;7027.0;-232.0
RS;Bom Progresso;2328.0;2096.0;-232.0
RS;Erval Grande;5163.0;4930.0;-233.0
PA;Medicilândia;27328.0;27094.0;-234.0
PR;Santo Antônio do Caiuá;2727.0;2493.0;-234.0
PR;Iracema do Oeste;2578.0;2343.0;-235.0
MG;Cordislândia;3435.0;3200.0;-235.0
RS;Campina das Missões;6117.0;5882.0;-235.0
AP;Cutias;4696.0;4461.0;-235.0
RS;Caiçara;5071.0;4836.0;-235.0
PI;Cajazeiras do Piauí;3343.0;3108.0;-235.0
PB;São José dos Cordeiros;3646.0;3411.0;-235.0
MS;Rio Negro;5077.0;4841.0;-236.0
MT;Indiavaí;2449.0;2213.0;-236.0
BA;Coronel João Sá;17293.0;17056.0;-237.0
RS;Quatro Irmãos;1790.0;1552.0;-238.0
MG;Santa Rita de Jacutinga;4993.0;4755.0;-238.0
MG;São João Evangelista;15553.0;15315.0;-238.0
RS;Coqueiro Baixo;1528.0;1290.0;-238.0
RS;Humaitá;4919.0;4681.0;-238.0
GO;Palestina de Goiás;3371.0;3132.0;-239.0
RS;Carlos Gomes;1607.0;1368.0;-239.0
SP;Marabá Paulista;4812.0;4573.0;-239.0
PE;Serrita;18446.0;18207.0;-239.0
MG;Frei Gaspar;5879.0;5640.0;-239.0
BA;Gavião;4600.0;4360.0;-240.0
MG;São José do Goiabal;5636.0;5396.0;-240.0
GO;Novo Planalto;3956.0;3716.0;-240.0
MA;Mirinzal;14218.0;13978.0;-240.0
MG;Fernandes Tourinho;3030.0;2789.0;-241.0
RS;Relvado;2037.0;1796.0;-241.0
PI;Beneditinos;10170.0;9929.0;-241.0
CE;Graça;14042.0;13801.0;-241.0
RS;Cândido Godói;6535.0;6294.0;-241.0
PB;Serra Redonda;7070.0;6828.0;-242.0
PR;Corumbataí do Sul;4002.0;3760.0;-242.0
SE;Cedro de São João;5633.0;5391.0;-242.0
RN;Itaú;5564.0;5320.0;-244.0
RS;Centenário;2965.0;2721.0;-244.0
ES;Muniz Freire;18397.0;18153.0;-244.0
BA;Cardeal da Silva;8609.0;8365.0;-244.0
RS;Coqueiros do Sul;2457.0;2211.0;-246.0
TO;Natividade;9000.0;8754.0;-246.0
PR;Bela Vista do Paraíso;15079.0;14833.0;-246.0
GO;Mundo Novo;6435.0;6189.0;-246.0
MG;Andrelândia;12173.0;11927.0;-246.0
MG;Bandeira;4987.0;4741.0;-246.0
MG;Biquinhas;2630.0;2383.0;-247.0
MS;Brasilândia;11826.0;11579.0;-247.0
CE;Nova Russas;30947.0;30699.0;-248.0
PA;Chaves;21005.0;20757.0;-248.0
GO;Caiapônia;16762.0;16513.0;-249.0
MG;Morro da Garça;2660.0;2411.0;-249.0
PI;Dom Expedito Lopes;6569.0;6320.0;-249.0
SP;Dois Córregos;24761.0;24510.0;-251.0
MG;Córrego Novo;3127.0;2875.0;-252.0
AM;Anamã;10214.0;9962.0;-252.0
BA;Caravelas;20833.0;20580.0;-253.0
SP;Marinópolis;2113.0;1860.0;-253.0
SP;Iporanga;4299.0;4046.0;-253.0
PI;Hugo Napoleão;3771.0;3518.0;-253.0
PB;São Francisco;3391.0;3137.0;-254.0
MA;Igarapé Grande;10485.0;10231.0;-254.0
SP;Bananal;10223.0;9969.0;-254.0
GO;Americano do Brasil;5513.0;5259.0;-254.0
RS;Rolador;2546.0;2291.0;-255.0
PI;São Luis do Piauí;2564.0;2309.0;-255.0
RS;Gramado dos Loureiros;2269.0;2014.0;-255.0
MG;Papagaios;14175.0;13920.0;-255.0
RN;Porto do Mangue;5484.0;5228.0;-256.0
SP;Igaraçu do Tietê;23362.0;23106.0;-256.0
RS;Victor Graeff;3036.0;2780.0;-256.0
ES;Rio Novo do Sul;11325.0;11069.0;-256.0
SP;Motuca;4290.0;4034.0;-256.0
RS;Dilermando de Aguiar;3063.0;2806.0;-257.0
MT;Dom Aquino;8129.0;7872.0;-257.0
BA;Ribeira do Amparo;14098.0;13841.0;-257.0
MG;Cássia;17412.0;17155.0;-257.0
PR;Floraí;5050.0;4792.0;-258.0
RS;Inhacorá;2272.0;2014.0;-258.0
MG;Virginópolis;10572.0;10314.0;-258.0
MG;Ouro Verde de Minas;6016.0;5757.0;-259.0
PR;Nossa Senhora das Graças;3928.0;3669.0;-259.0
PB;Cuité;19978.0;19719.0;-259.0
SE;Carira;20199.0;19939.0;-260.0
PE;Cedro;10778.0;10518.0;-260.0
SP;Alto Alegre;4102.0;3841.0;-261.0
PR;Salgado Filho;4338.0;4075.0;-263.0
RS;Caibaté;4967.0;4704.0;-263.0
SP;Parapuã;10844.0;10580.0;-264.0
SE;São Miguel do Aleixo;3698.0;3434.0;-264.0
SC;Cerro Negro;3581.0;3317.0;-264.0
RS;Três Arroios;2855.0;2591.0;-264.0
RN;Severiano Melo;5752.0;5487.0;-265.0
SP;Flora Rica;1752.0;1487.0;-265.0
RS;Cacique Doble;4868.0;4603.0;-265.0
RS;São João da Urtiga;4726.0;4461.0;-265.0
BA;Lamarão;9281.0;9015.0;-266.0
PB;Lagoa;4681.0;4415.0;-266.0
MG;Morro do Pilar;3399.0;3133.0;-266.0
MG;Coqueiral;9289.0;9023.0;-266.0
SP;Riolândia;10575.0;10309.0;-266.0
MG;Lamim;3452.0;3184.0;-268.0
PI;São João da Varjota;4651.0;4383.0;-268.0
RS;Áurea;3665.0;3396.0;-269.0
MG;São José da Safira;4075.0;3806.0;-269.0
PI;Itainópolis;11059.0;10790.0;-269.0
MG;Alpercata;7172.0;6903.0;-269.0
SP;Floreal;3003.0;2733.0;-270.0
PR;Cruzmaltina;3162.0;2892.0;-270.0
MA;Nova Iorque;4590.0;4320.0;-270.0
SC;Iraceminha;4257.0;3986.0;-271.0
RS;Manoel Viana;7072.0;6801.0;-271.0
BA;Maiquinique;9004.0;8731.0;-273.0
SP;Piquerobi;3537.0;3264.0;-273.0
SP;Pirajuí;22704.0;22431.0;-273.0
RS;Nova Ramada;2437.0;2163.0;-274.0
CE;Santana do Cariri;17228.0;16954.0;-274.0
PI;Bocaina;4353.0;4078.0;-275.0
PI;Padre Marcos;6657.0;6382.0;-275.0
SP;Sete Barras;13005.0;12730.0;-275.0
MG;Monte Formoso;4656.0;4381.0;-275.0
PR;Curiúva;13923.0;13647.0;-276.0
MA;Gonçalves Dias;17482.0;17206.0;-276.0
MG;Varzelândia;19116.0;18840.0;-276.0
MA;Governador Luiz Rocha;7340.0;7063.0;-277.0
PR;Santa Cecília do Pavão;3642.0;3365.0;-277.0
PB;São Mamede;7748.0;7470.0;-278.0
BA;Érico Cardoso;10882.0;10604.0;-278.0
PR;Peabiru;13624.0;13346.0;-278.0
PI;Barro Duro;6919.0;6640.0;-279.0
PR;Santa Lúcia;3923.0;3644.0;-279.0
BA;Pé de Serra;13523.0;13243.0;-280.0
AL;Matriz de Camaragibe;24137.0;23857.0;-280.0
RN;Paraú;3859.0;3579.0;-280.0
SP;Pracinha;2858.0;2578.0;-280.0
MG;Santa Rita de Ibitipoca;3583.0;3301.0;-282.0
BA;Caraíbas;10222.0;9940.0;-282.0
MA;Itaipava do Grajaú;14110.0;13828.0;-282.0
PR;Santo Antônio do Paraíso;2408.0;2125.0;-283.0
PB;Nova Olinda;6070.0;5787.0;-283.0
ES;Itarana;10881.0;10597.0;-284.0
MG;Estrela Dalva;2470.0;2186.0;-284.0
TO;Itacajá;7104.0;6819.0;-285.0
MG;Angelândia;8003.0;7718.0;-285.0
GO;Mutunópolis;3849.0;3564.0;-285.0
AL;Junqueiro;24192.0;23907.0;-285.0
PR;Roncador;11537.0;11251.0;-286.0
PR;Ventania;9968.0;9681.0;-287.0
RS;Novo Cabrais;3855.0;3568.0;-287.0
SP;Divinolândia;11445.0;11158.0;-287.0
RN;Coronel Ezequiel;5405.0;5117.0;-288.0
PE;Passira;28628.0;28340.0;-288.0
PR;Lunardelli;5160.0;4872.0;-288.0
SP;Iacri;6419.0;6131.0;-288.0
PI;Eliseu Martins;4665.0;4377.0;-288.0
MG;Carmo da Cachoeira;11836.0;11547.0;-289.0
ES;Apiacá;7512.0;7223.0;-289.0
MG;Cambuquira;12602.0;12313.0;-289.0
RN;Pedro Velho;14114.0;13824.0;-290.0
PI;Coronel José Dias;4541.0;4250.0;-291.0
GO;Goiandira;5265.0;4973.0;-292.0
RS;Porto Vera Cruz;1852.0;1560.0;-292.0
BA;Tabocas do Brejo Velho;12271.0;11979.0;-292.0
PB;Fagundes;11341.0;11049.0;-292.0
RS;São Martinho;5773.0;5481.0;-292.0
RS;Colorado;3550.0;3258.0;-292.0
PE;São Vicente Férrer;16969.0;16677.0;-292.0
PB;Cajazeirinhas;3033.0;2740.0;-293.0
RS;Sete de Setembro;2124.0;1830.0;-294.0
RS;Saldanha Marinho;2869.0;2575.0;-294.0
TO;Angico;3170.0;2876.0;-294.0
BA;Riachão das Neves;21937.0;21642.0;-295.0
TO;Conceição do Tocantins;4182.0;3887.0;-295.0
RS;Jacutinga;3633.0;3338.0;-295.0
MG;São Francisco de Paula;6483.0;6187.0;-296.0
SE;Pinhão;5973.0;5677.0;-296.0
MG;Diogo de Vasconcelos;3848.0;3549.0;-299.0
SP;Pradópolis;17377.0;17078.0;-299.0
MA;São Félix de Balsas;4702.0;4402.0;-300.0
PE;Triunfo;15006.0;14705.0;-301.0
RS;São José do Herval;2204.0;1902.0;-302.0
RS;Ubiretama;2296.0;1994.0;-302.0
GO;Campos Belos;18410.0;18108.0;-302.0
PR;Ivatuba;3010.0;2708.0;-302.0
SP;Borborema;14529.0;14226.0;-303.0
MT;Canabrava do Norte;4788.0;4485.0;-303.0
PI;Tanque do Piauí;2620.0;2316.0;-304.0
MG;Dom Cavati;5209.0;4904.0;-305.0
RN;Bento Fernandes;5113.0;4807.0;-306.0
PB;Emas;3317.0;3011.0;-306.0
MA;Montes Altos;9413.0;9106.0;-307.0
RS;Barra do Rio Azul;2003.0;1696.0;-307.0
PI;São José do Divino;5148.0;4841.0;-307.0
RS;Sede Nova;3011.0;2704.0;-307.0
BA;Ibipitanga;14171.0;13863.0;-308.0
MS;Eldorado;11694.0;11386.0;-308.0
BA;São Domingos;8734.0;8426.0;-308.0
RS;Charqueadas;35320.0;35012.0;-308.0
SP;Turmalina;1978.0;1669.0;-309.0
SE;Gararu;11405.0;11096.0;-309.0
PR;Boa Esperança do Iguaçu;2764.0;2455.0;-309.0
PR;Fênix;4802.0;4492.0;-310.0
MS;Sonora;14827.0;14516.0;-311.0
PB;Duas Estradas;3638.0;3327.0;-311.0
PB;Santa Inês;3539.0;3227.0;-312.0
MG;Januária;65463.0;65150.0;-313.0
RS;Maçambará;4738.0;4425.0;-313.0
MA;Lagoa do Mato;10887.0;10572.0;-315.0
SP;Santa Adélia;14333.0;14018.0;-315.0
PE;Vertente do Lério;7873.0;7558.0;-315.0
GO;Teresina de Goiás;3016.0;2701.0;-315.0
MG;Camacho;3154.0;2838.0;-316.0
MG;Cana Verde;5589.0;5272.0;-317.0
PB;Diamante;6616.0;6299.0;-317.0
RS;União da Serra;1487.0;1170.0;-317.0
RS;Bom Jesus;11519.0;11202.0;-317.0
SE;Santo Amaro das Brotas;11410.0;11092.0;-318.0
BA;São Felipe;20601.0;20283.0;-318.0
PB;Santana de Mangueira;5328.0;5010.0;-318.0
RS;Jaboticaba;4098.0;3779.0;-319.0
TO;Nova Olinda;10686.0;10367.0;-319.0
MG;Santa Cruz do Escalvado;4992.0;4673.0;-319.0
RS;Ibiraiaras;7095.0;6776.0;-319.0
SP;Presidente Alves;4123.0;3804.0;-319.0
SC;Santa Terezinha do Progresso;2896.0;2576.0;-320.0
BA;Uauá;24985.0;24665.0;-320.0
PI;Santana do Piauí;4445.0;4125.0;-320.0
AL;Batalha;16769.0;16448.0;-321.0
PB;Catingueira;4812.0;4491.0;-321.0
AL;Palestina;4646.0;4325.0;-321.0
RS;Dona Francisca;3401.0;3079.0;-322.0
PR;Pinhão;30208.0;29886.0;-322.0
CE;Baixio;6026.0;5704.0;-322.0
BA;Pintadas;10649.0;10325.0;-324.0
MG;Mamonas;6321.0;5997.0;-324.0
PR;Jardim Alegre;12328.0;12004.0;-324.0
TO;Ponte Alta do Bom Jesus;4544.0;4220.0;-324.0
PR;São João do Caiuá;5911.0;5586.0;-325.0
MG;Santo Antônio do Retiro;6955.0;6629.0;-326.0
BA;Nova Ibiá;6827.0;6501.0;-326.0
RS;Pedro Osório;7811.0;7484.0;-327.0
GO;Israelândia;2887.0;2560.0;-327.0
AL;Messias;15733.0;15405.0;-328.0
CE;Ereré;6802.0;6474.0;-328.0
PI;Acauã;6749.0;6420.0;-329.0
SP;Luiziânia;5030.0;4701.0;-329.0
PI;Lagoa do Sítio;4850.0;4520.0;-330.0
PR;Uniflor;2466.0;2136.0;-330.0
MG;Itabirinha;10692.0;10362.0;-330.0
RN;Antônio Martins;6907.0;6577.0;-330.0
PB;Riachão;3258.0;2927.0;-331.0
PA;Garrafão do Norte;25034.0;24703.0;-331.0
MG;Itapecerica;21377.0;21046.0;-331.0
GO;Arenópolis;3277.0;2946.0;-331.0
MG;Mathias Lobato;3370.0;3038.0;-332.0
MG;Ipiaçu;4107.0;3775.0;-332.0
MG;Arceburgo;9509.0;9177.0;-332.0
GO;Trombas;3452.0;3120.0;-332.0
PR;Antônio Olinto;7351.0;7018.0;-333.0
SC;Saltinho;3966.0;3632.0;-334.0
MG;Bonfinópolis de Minas;5865.0;5528.0;-337.0
RS;Sério;2279.0;1941.0;-338.0
RS;Ibirapuitã;4061.0;3723.0;-338.0
SC;Anita Garibaldi;8623.0;8285.0;-338.0
TO;Fátima;3805.0;3467.0;-338.0
PR;Diamante do Sul;3510.0;3171.0;-339.0
MA;Primeira Cruz;13954.0;13614.0;-340.0
MG;Capitão Andrade;4925.0;4585.0;-340.0
MG;Cristiano Otoni;5007.0;4667.0;-340.0
SP;Ibirarema;6725.0;6385.0;-340.0
SC;Anchieta;6283.0;5943.0;-340.0
BA;Angical;14073.0;13732.0;-341.0
RS;São Martinho da Serra;3201.0;2860.0;-341.0
MG;Fronteira dos Vales;4687.0;4345.0;-342.0
RO;Castanheiras;3575.0;3233.0;-342.0
MA;Passagem Franca;17562.0;17220.0;-342.0
RS;São Vicente do Sul;8440.0;8097.0;-343.0
GO;Montividiu do Norte;4122.0;3779.0;-343.0
MG;São Geraldo do Baixio;3486.0;3143.0;-343.0
MG;Monte Santo de Minas;21234.0;20890.0;-344.0
TO;Dueré;4592.0;4248.0;-344.0
SC;Ouro;7376.0;7032.0;-344.0
MT;Jangada;7771.0;7426.0;-345.0
MG;Juramento;4113.0;3768.0;-345.0
MG;Antônio Dias;9565.0;9219.0;-346.0
MG;Gameleiras;5139.0;4793.0;-346.0
RS;Chuvisca;4944.0;4597.0;-347.0
TO;Recursolândia;3768.0;3421.0;-347.0
MT;Nova Guarita;4937.0;4590.0;-347.0
RS;Barra do Ribeiro;12572.0;12225.0;-347.0
MA;São João do Soter;17238.0;16889.0;-349.0
GO;Mossâmedes;5003.0;4654.0;-349.0
BA;Coribe;14339.0;13990.0;-349.0
PR;São Jorge do Ivaí;5517.0;5168.0;-349.0
PR;Manfrinópolis;3120.0;2770.0;-350.0
MG;Gouveia;11681.0;11331.0;-350.0
RS;Floriano Peixoto;2018.0;1668.0;-350.0
PR;Capitão Leônidas Marques;14998.0;14648.0;-350.0
MA;Icatu;25145.0;24794.0;-351.0
RS;Mariano Moro;2210.0;1858.0;-352.0
MG;Catas Altas da Noruega;3462.0;3110.0;-352.0
MG;Santana dos Montes;3822.0;3469.0;-353.0
MG;São Tomás de Aquino;7093.0;6740.0;-353.0
PE;Sairé;11240.0;10887.0;-353.0
MG;São Sebastião do Rio Preto;1613.0;1259.0;-354.0
MS;Jardim;24335.0;23981.0;-354.0
PI;Itaueira;10678.0;10323.0;-355.0
GO;Turvânia;4835.0;4480.0;-355.0
PI;Francisco Santos;8592.0;8237.0;-355.0
MG;Caranaíba;3288.0;2933.0;-355.0
CE;Cariré;17987.0;17632.0;-355.0
RS;Tucunduva;5898.0;5542.0;-356.0
BA;Santa Inês;10656.0;10300.0;-356.0
MG;São José do Jacuri;6553.0;6197.0;-356.0
SC;Galvão;3567.0;3210.0;-357.0
SP;General Salgado;10669.0;10312.0;-357.0
GO;Araguapaz;7510.0;7153.0;-357.0
RS;Vila Nova do Sul;4221.0;3863.0;-358.0
PR;Centenário do Sul;11190.0;10832.0;-358.0
TO;Arraias;10645.0;10287.0;-358.0
PI;Sebastião Barros;3560.0;3202.0;-358.0
RS;São José das Missões;2720.0;2362.0;-358.0
PI;Santa Cruz dos Milagres;3794.0;3435.0;-359.0
BA;Cícero Dantas;31266.0;30907.0;-359.0
RS;Dezesseis de Novembro;2866.0;2507.0;-359.0
SP;Caiabu;4072.0;3712.0;-360.0
MG;Francisco Dumont;4863.0;4503.0;-360.0
PR;Godoy Moreira;3337.0;2977.0;-360.0
SC;Brunópolis;2850.0;2489.0;-361.0
RS;David Canabarro;4683.0;4321.0;-362.0
MG;Santa Bárbara do Tugúrio;4570.0;4208.0;-362.0
MS;Caracol;5398.0;5036.0;-362.0
MG;Catuti;5102.0;4739.0;-363.0
SP;Altair;3815.0;3451.0;-364.0
SP;Aparecida d'Oeste;4450.0;4086.0;-364.0
GO;Baliza;3715.0;3351.0;-364.0
TO;Palmeirópolis;7339.0;6975.0;-364.0
PR;Tomazina;8791.0;8426.0;-365.0
RS;São Miguel das Missões;7421.0;7056.0;-365.0
RN;Sítio Novo;5020.0;4654.0;-366.0
SC;Lebon Régis;11838.0;11472.0;-366.0
MG;Veredinha;5549.0;5181.0;-368.0
RS;São Valentim;3632.0;3264.0;-368.0
BA;Valente;24730.0;24362.0;-368.0
SC;Bom Jardim da Serra;4395.0;4026.0;-369.0
RN;Marcelino Vieira;8265.0;7896.0;-369.0
MG;São José do Divino;3834.0;3464.0;-370.0
BA;Crisópolis;20099.0;19729.0;-370.0
PR;Reserva;24943.0;24573.0;-370.0
TO;Carrasco Bonito;3688.0;3318.0;-370.0
GO;Aurilândia;3654.0;3284.0;-370.0
SP;Jaborandi;6592.0;6221.0;-371.0
GO;Matrinchã;4414.0;4042.0;-372.0
SP;Lupércio;4353.0;3981.0;-372.0
PB;Bom Sucesso;5035.0;4661.0;-374.0
PR;Diamante do Norte;5516.0;5142.0;-374.0
BA;Antônio Cardoso;11521.0;11146.0;-375.0
BA;Ibirataia;19168.0;18792.0;-376.0
MG;Brás Pires;4637.0;4260.0;-377.0
PB;Pedra Lavrada;7236.0;6859.0;-377.0
PR;Mariluz;10224.0;9847.0;-377.0
PB;Aroeiras;19082.0;18705.0;-377.0
MT;Nova Canaã do Norte;12084.0;11707.0;-377.0
MG;São Francisco do Glória;5178.0;4800.0;-378.0
SP;Santópolis do Aguapeí;4277.0;3899.0;-378.0
AL;Jacaré dos Homens;5461.0;5083.0;-378.0
SP;Itapura;4357.0;3979.0;-378.0
PR;Terra Rica;15221.0;14842.0;-379.0
PR;Campo Bonito;4407.0;4027.0;-380.0
PI;Socorro do Piauí;4522.0;4141.0;-381.0
AL;Água Branca;19389.0;19008.0;-381.0
SC;Ponte Serrada;11031.0;10649.0;-382.0
MG;Corinto;23914.0;23532.0;-382.0
GO;São Miguel do Araguaia;22283.0;21900.0;-383.0
MG;Pai Pedro;5934.0;5551.0;-383.0
RS;Toropi;2938.0;2554.0;-384.0
MG;Ipuiúna;9521.0;9135.0;-386.0
PR;Guaraci;5135.0;4748.0;-387.0
ES;São Roque do Canaã;11273.0;10886.0;-387.0
MG;Felisburgo;6877.0;6489.0;-388.0
RS;Herveiras;2954.0;2565.0;-389.0
RN;Ruy Barbosa;3595.0;3206.0;-389.0
MG;Itamarati de Minas;4079.0;3690.0;-389.0
TO;Araguacema;6317.0;5927.0;-390.0
RN;Olho d'Água do Borges;4295.0;3905.0;-390.0
SC;Passos Maia;4425.0;4034.0;-391.0
MG;Novorizonte;4963.0;4571.0;-392.0
PI;Pimenteiras;11733.0;11341.0;-392.0
MG;Capela Nova;4755.0;4362.0;-393.0
MG;Santana do Jacaré;4607.0;4214.0;-393.0
SC;Coronel Martins;2458.0;2065.0;-393.0
PR;Paranapoema;2791.0;2398.0;-393.0
PR;Leópolis;4145.0;3752.0;-393.0
SC;Palmitos;16020.0;15626.0;-394.0
MG;Conceição da Barra de Minas;3954.0;3560.0;-394.0
PE;Ibirajuba;7534.0;7140.0;-394.0
PB;São José da Lagoa Tapada;7520.0;7126.0;-394.0
RS;Entre Rios do Sul;3080.0;2685.0;-395.0
GO;Nova Roma;3471.0;3076.0;-395.0
MG;Raul Soares;23818.0;23423.0;-395.0
PB;Cachoeira dos Índios;9546.0;9151.0;-395.0
RS;Redentora;10135.0;9738.0;-397.0
RS;Porto Mauá;2542.0;2142.0;-400.0
RN;São Rafael;8111.0;7711.0;-400.0
AL;Quebrangulo;11480.0;11080.0;-400.0
PB;Ibiara;6031.0;5631.0;-400.0
PI;Novo Oriente do Piauí;6498.0;6097.0;-401.0
MG;Pratápolis;8807.0;8406.0;-401.0
PB;Arara;12613.0;12212.0;-401.0
MG;Arinos;17674.0;17272.0;-402.0
SP;Mariápolis;3916.0;3513.0;-403.0
PI;São José do Peixe;3700.0;3297.0;-403.0
RN;Japi;5522.0;5117.0;-405.0
RS;Silveira Martins;2434.0;2028.0;-406.0
MG;Paineiras;4631.0;4224.0;-407.0
RS;Itapuca;2344.0;1937.0;-407.0
BA;Xique-Xique;45164.0;44757.0;-407.0
ES;Afonso Cláudio;31091.0;30684.0;-407.0
MG;Tumiritinga;6293.0;5886.0;-407.0
MG;Conceição do Rio Verde;12949.0;12541.0;-408.0
SP;Irapuã;7275.0;6867.0;-408.0
CE;Redenção;27622.0;27214.0;-408.0
TO;Nova Rosalândia;3770.0;3362.0;-408.0
PA;Irituia;31364.0;30955.0;-409.0
PR;Santa Amélia;3803.0;3394.0;-409.0
PI;Aroazes;5779.0;5369.0;-410.0
RS;Lagoa Bonita do Sul;2662.0;2251.0;-411.0
MA;Vitória do Mearim;31217.0;30805.0;-412.0
MG;Sem-Peixe;2847.0;2433.0;-414.0
RN;Taipu;11836.0;11422.0;-414.0
MG;Brazópolis;14661.0;14246.0;-415.0
BA;Lajedinho;3943.0;3527.0;-416.0
PR;Porto Amazonas;4514.0;4098.0;-416.0
PE;Camutanga;8168.0;7750.0;-418.0
CE;Abaiara;10456.0;10038.0;-418.0
BA;Caturama;9260.0;8841.0;-419.0
GO;Diorama;2481.0;2062.0;-419.0
PI;Isaías Coelho;8193.0;7774.0;-419.0
PE;Calumbi;5648.0;5228.0;-420.0
MA;Sucupira do Riachão;5406.0;4985.0;-421.0
MT;Feliz Natal;10942.0;10521.0;-421.0
MG;Baldim;7913.0;7492.0;-421.0
MG;Augusto de Lima;4960.0;4538.0;-422.0
PI;Regeneração;17556.0;17133.0;-423.0
PR;Marquinho;4928.0;4504.0;-424.0
MT;Porto Estrela;3649.0;3224.0;-425.0
MS;Jateí;4011.0;3586.0;-425.0
MG;São Miguel do Anta;6760.0;6334.0;-426.0
BA;Jiquiriçá;14055.0;13629.0;-426.0
MA;Duque Bacelar;10649.0;10223.0;-426.0
MS;Guia Lopes da Laguna;10366.0;9940.0;-426.0
RS;Mata;5125.0;4698.0;-427.0
SP;Glicério;4565.0;4138.0;-427.0
RO;Machadinho D'Oeste;31135.0;30707.0;-428.0
MG;Serra Azul de Minas;4220.0;3792.0;-428.0
RS;Estação;6011.0;5582.0;-429.0
MG;Jequeri;12848.0;12419.0;-429.0
AL;Minador do Negrão;5275.0;4845.0;-430.0
MG;Senhora do Porto;3497.0;3067.0;-430.0
MT;Novo Horizonte do Norte;3780.0;3349.0;-431.0
MG;Amparo do Serra;4972.0;4541.0;-431.0
MG;Córrego Danta;3391.0;2960.0;-431.0
MG;Abadia dos Dourados;6704.0;6272.0;-432.0
MG;Bias Fortes;3793.0;3361.0;-432.0
PI;Buriti dos Montes;7866.0;7434.0;-432.0
SP;Salesópolis;15635.0;15202.0;-433.0
PR;Farol;3472.0;3039.0;-433.0
RJ;Mendes;17935.0;17502.0;-433.0
RS;Braga;3702.0;3268.0;-434.0
PR;Flor da Serra do Sul;4798.0;4364.0;-434.0
SP;Cândido Mota;29884.0;29449.0;-435.0
TO;Centenário;2566.0;2131.0;-435.0
RN;Governador Dix-Sept Rosado;12374.0;11938.0;-436.0
RS;Severiano de Almeida;3842.0;3406.0;-436.0
AL;Piranhas;23045.0;22609.0;-436.0
PB;Mãe d'Água;4019.0;3583.0;-436.0
MA;Santa Filomena do Maranhão;7133.0;6697.0;-436.0
RN;Acari;11035.0;10597.0;-438.0
BA;Itanagra;6352.0;5914.0;-438.0
PI;Colônia do Piauí;7433.0;6994.0;-439.0
BA;Santana;25194.0;24755.0;-439.0
RS;Derrubadas;3190.0;2751.0;-439.0
MA;São Raimundo do Doca Bezerra;6090.0;5650.0;-440.0
RJ;Cantagalo;19830.0;19390.0;-440.0
AL;Feliz Deserto;4403.0;3963.0;-440.0
MT;Acorizal;5454.0;5014.0;-440.0
TO;Novo Alegre;2286.0;1846.0;-440.0
PR;Guaraqueçaba;7871.0;7430.0;-441.0
BA;Central;16789.0;16348.0;-441.0
BA;Santa Brígida;15407.0;14965.0;-442.0
BA;Lapão;26178.0;25736.0;-442.0
MG;Presidente Juscelino;3908.0;3465.0;-443.0
PR;Rancho Alegre;3955.0;3512.0;-443.0
MG;Pedras de Maria da Cruz;10876.0;10433.0;-443.0
MA;Buriti Bravo;22899.0;22455.0;-444.0
RS;Ronda Alta;10221.0;9777.0;-444.0
GO;Fazenda Nova;6322.0;5877.0;-445.0
PR;Mangueirinha;17048.0;16603.0;-445.0
GO;Pilar de Goiás;2773.0;2328.0;-445.0
MG;Santa Fé de Minas;3968.0;3522.0;-446.0
RS;Itacurubi;3441.0;2995.0;-446.0
MT;Tesouro;3472.0;3025.0;-447.0
RO;Primavera de Rondônia;3524.0;3076.0;-448.0
PR;Presidente Castelo Branco;4784.0;4336.0;-448.0
SP;Murutinga do Sul;4186.0;3737.0;-449.0
SP;Areiópolis;10579.0;10130.0;-449.0
MT;Reserva do Cabaçal;2572.0;2122.0;-450.0
PB;Igaracy;6099.0;5648.0;-451.0
PE;São Joaquim do Monte;20488.0;20037.0;-451.0
MG;Joaquim Felício;4305.0;3854.0;-451.0
SP;Santa Rosa de Viterbo;23862.0;23411.0;-451.0
PR;Inajá;2988.0;2536.0;-452.0
PR;Alto Piquiri;10179.0;9727.0;-452.0
GO;Divinópolis de Goiás;4909.0;4457.0;-452.0
SC;Água Doce;6961.0;6508.0;-453.0
AL;Tanque d'Arca;6249.0;5796.0;-453.0
BA;Laje;21505.0;21052.0;-453.0
AL;Pão de Açúcar;24277.0;23823.0;-454.0
RS;Unistalda;2450.0;1995.0;-455.0
PB;Brejo dos Santos;6198.0;5742.0;-456.0
SE;Pirambu;8369.0;7913.0;-456.0
SC;Ponte Alta;4894.0;4437.0;-457.0
SC;Monte Castelo;8194.0;7736.0;-458.0
PR;Porto Vitória;4020.0;3562.0;-458.0
RO;Seringueiras;11629.0;11171.0;-458.0
RN;Jardim do Seridó;12113.0;11655.0;-458.0
TO;Wanderlândia;10981.0;10522.0;-459.0
RN;São Pedro;6235.0;5776.0;-459.0
SP;Cardoso;11805.0;11345.0;-460.0
TO;Brejinho de Nazaré;5185.0;4725.0;-460.0
MG;Ponto dos Volantes;11345.0;10883.0;-462.0
RN;Equador;5822.0;5360.0;-462.0
PE;Itambé;35398.0;34935.0;-463.0
BA;Licínio de Almeida;12297.0;11834.0;-463.0
MG;Leme do Prado;4804.0;4341.0;-463.0
SP;Itaporanga;14549.0;14085.0;-464.0
RN;Riacho da Cruz;3165.0;2701.0;-464.0
PR;Ribeirão do Pinhal;13524.0;13060.0;-464.0
BA;Jussari;6353.0;5888.0;-465.0
PR;Paulo Frontin;6808.0;6343.0;-465.0
BA;Biritinga;15612.0;15146.0;-466.0
MG;São Pedro do Suaçuí;5570.0;5103.0;-467.0
RS;Jacuizinho;2507.0;2040.0;-467.0
AL;Mar Vermelho;3623.0;3155.0;-468.0
MG;Alvarenga;4444.0;3975.0;-469.0
PI;Campinas do Piauí;5408.0;4938.0;-470.0
PR;Diamante D'Oeste;5027.0;4557.0;-470.0
MG;Guaraciaba;10223.0;9753.0;-470.0
PB;Salgado de São Félix;11976.0;11505.0;-471.0
RJ;Vassouras;34447.0;33976.0;-471.0
PR;São José da Boa Vista;6511.0;6040.0;-471.0
CE;Mucambo;14138.0;13666.0;-472.0
GO;Cachoeira Dourada;8254.0;7782.0;-472.0
MA;Cajapió;10593.0;10121.0;-472.0
PI;Rio Grande do Piauí;6273.0;5801.0;-472.0
MT;Santo Afonso;2991.0;2519.0;-472.0
PB;Taperoá;14543.0;14068.0;-475.0
PI;Cristalândia do Piauí;7831.0;7356.0;-475.0
SP;Avaí;4959.0;4483.0;-476.0
PE;Moreilândia;11017.0;10540.0;-477.0
MG;Barra Longa;6143.0;5666.0;-477.0
BA;Ibiassucê;10908.0;10429.0;-479.0
GO;Hidrolina;4025.0;3545.0;-480.0
MT;Nortelândia;6436.0;5956.0;-480.0
PI;Palmeirais;13745.0;13264.0;-481.0
RS;Putinga;4229.0;3747.0;-482.0
ES;Ponto Belo;6979.0;6497.0;-482.0
MG;Periquito;7036.0;6553.0;-483.0
CE;Pereiro;15757.0;15274.0;-483.0
RS;Campo Novo;5459.0;4975.0;-484.0
GO;Santa Rita do Novo Destino;3173.0;2689.0;-484.0
RS;Jaquirana;4177.0;3690.0;-487.0
MG;Santa Cruz de Salinas;4397.0;3910.0;-487.0
RN;Pilões;3453.0;2965.0;-488.0
SC;Xavantina;4142.0;3653.0;-489.0
MG;Machacalis;6976.0;6487.0;-489.0
MG;Sardoá;5594.0;5104.0;-490.0
PB;Coremas;15174.0;14683.0;-491.0
PR;Foz do Jordão;5420.0;4926.0;-494.0
RS;Pirapó;2757.0;2260.0;-497.0
SP;Pindorama;15039.0;14542.0;-497.0
CE;Reriutaba;19103.0;18606.0;-497.0
PI;Santa Rosa do Piauí;5149.0;4650.0;-499.0
MG;Laranjal;6465.0;5963.0;-502.0
TO;Barrolândia;5349.0;4846.0;-503.0
MT;Araputanga;15290.0;14786.0;-504.0
BA;Várzea do Poço;8606.0;8101.0;-505.0
RS;Cruzaltense;2141.0;1635.0;-506.0
PI;Canavieira;3921.0;3414.0;-507.0
PR;São Jerônimo da Serra;11337.0;10830.0;-507.0
PI;Jaicós;18035.0;17527.0;-508.0
SP;Guzolândia;4754.0;4246.0;-508.0
MG;Divinolândia de Minas;7024.0;6516.0;-508.0
PR;Mamborê;13961.0;13452.0;-509.0
SE;Malhador;12042.0;11533.0;-509.0
MA;Humberto de Campos;26189.0;25680.0;-509.0
BA;Castro Alves;25222.0;24712.0;-510.0
SP;Auriflama;14202.0;13692.0;-510.0
BA;Firmino Alves;5384.0;4873.0;-511.0
RJ;Cambuci;15128.0;14616.0;-512.0
MG;Itacarambi;17720.0;17208.0;-512.0
MG;Ibiracatu;5594.0;5081.0;-513.0
SP;Dourado;8609.0;8096.0;-513.0
BA;Pedrão;6749.0;6235.0;-514.0
RN;Lajes;10381.0;9866.0;-515.0
RS;São Paulo das Missões;6364.0;5846.0;-518.0
BA;Condeúba;17571.0;17053.0;-518.0
PE;Poção;11019.0;10500.0;-519.0
BA;Bom Jesus da Serra;10249.0;9730.0;-519.0
BA;Ribeirão do Largo;10260.0;9740.0;-520.0
MT;Terra Nova do Norte;11136.0;10616.0;-520.0
GO;Vila Boa;4735.0;4215.0;-520.0
MG;Santo Hipólito;3238.0;2717.0;-521.0
RS;Lavras do Sul;7679.0;7157.0;-522.0
SC;Tangará;8665.0;8143.0;-522.0
PI;Alagoinha do Piauí;7341.0;6819.0;-522.0
PR;Abatiá;7764.0;7241.0;-523.0
SC;Porto União;33493.0;32970.0;-523.0
PB;Santa Cruz;6471.0;5947.0;-524.0
SC;Bom Retiro;8942.0;8418.0;-524.0
TO;Aliança do Tocantins;5671.0;5147.0;-524.0
TO;São Salvador do Tocantins;2910.0;2385.0;-525.0
MT;Rio Branco;5060.0;4535.0;-525.0
RN;João Dias;2601.0;2076.0;-525.0
RS;Barracão;5357.0;4831.0;-526.0
RS;Rondinha;5518.0;4991.0;-527.0
MG;Capetinga;7089.0;6562.0;-527.0
MG;Santa Maria do Salto;5284.0;4755.0;-529.0
MG;Paulistas;4918.0;4389.0;-529.0
RS;Miraguaí;4957.0;4427.0;-530.0
SP;Getulina;10765.0;10232.0;-533.0
PA;Brejo Grande do Araguaia;7317.0;6783.0;-534.0
BA;Teofilândia;21710.0;21176.0;-534.0
PE;Solidão;5744.0;5210.0;-534.0
RS;Ajuricaba;7255.0;6720.0;-535.0
RN;Coronel João Pessoa;4772.0;4237.0;-535.0
PB;Caiçara;7139.0;6602.0;-537.0
MG;Itaú de Minas;14945.0;14406.0;-539.0
MA;São José dos Basílios;7496.0;6957.0;-539.0
MG;Santana da Vargem;7231.0;6691.0;-540.0
RN;Luís Gomes;9610.0;9070.0;-540.0
AL;Belo Monte;6476.0;5936.0;-540.0
PR;Pérola d'Oeste;6761.0;6221.0;-540.0
BA;Candiba;13557.0;13016.0;-541.0
GO;Itaguaru;5446.0;4904.0;-542.0
RS;Viadutos;5311.0;4769.0;-542.0
BA;Itapé;10883.0;10341.0;-542.0
MG;Pavão;8589.0;8047.0;-542.0
SP;Promissão;35674.0;35131.0;-543.0
TO;Pau D'Arco;4588.0;4043.0;-545.0
ES;Itaguaçu;14134.0;13589.0;-545.0
RS;Garruchos;3234.0;2688.0;-546.0
PB;Boa Ventura;5756.0;5207.0;-549.0
PR;Nova Tebas;7398.0;6848.0;-550.0
BA;Apuarema;7463.0;6913.0;-550.0
PR;Mato Rico;3818.0;3267.0;-551.0
PR;Porto Barreiro;3663.0;3110.0;-553.0
BA;Mortugaba;11696.0;11143.0;-553.0
PB;Araçagi;17199.0;16646.0;-553.0
RN;Ielmo Marinho;12171.0;11615.0;-556.0
RS;Estrela Velha;3628.0;3070.0;-558.0
SP;Itápolis;40051.0;39493.0;-558.0
MG;Pescador;4128.0;3570.0;-558.0
PB;Umbuzeiro;9682.0;9124.0;-558.0
GO;Portelândia;3839.0;3280.0;-559.0
GO;Gouvelândia;4949.0;4390.0;-559.0
SE;Arauá;10878.0;10318.0;-560.0
RS;Pontão;3857.0;3296.0;-561.0
MG;Santa Efigênia de Minas;4600.0;4039.0;-561.0
RS;Herval;6753.0;6191.0;-562.0
PR;Bituruna;16096.0;15533.0;-563.0
MA;Miranda do Norte;24427.0;23864.0;-563.0
PR;São Sebastião da Amoreira;8626.0;8063.0;-563.0
RS;Camaquã;62764.0;62200.0;-564.0
MG;Miravânia;4549.0;3985.0;-564.0
SP;Riversul;6163.0;5599.0;-564.0
SC;São José do Cerrito;9273.0;8708.0;-565.0
PB;Bonito de Santa Fé;10818.0;10252.0;-566.0
MG;Senador Modestino Gonçalves;4574.0;4008.0;-566.0
BA;Morpará;8563.0;7996.0;-567.0
MG;Santa Rita de Caldas;9027.0;8460.0;-567.0
MG;São Sebastião do Maranhão;10647.0;10079.0;-568.0
SE;Porto da Folha;27146.0;26576.0;-570.0
BA;Cotegipe;13636.0;13063.0;-573.0
BA;Vereda;6576.0;6003.0;-573.0
MG;Montezuma;7464.0;6888.0;-576.0
MG;Mantena;27111.0;26535.0;-576.0
MG;Rio do Prado;5217.0;4639.0;-578.0
PE;São José do Egito;31582.0;31004.0;-578.0
PE;Cabrobó;30873.0;30294.0;-579.0
RN;Umarizal;10659.0;10078.0;-581.0
PR;Goioerê;29018.0;28437.0;-581.0
MG;Nova Belém;3732.0;3151.0;-581.0
PE;Jaboatão dos Guararapes;644620.0;644037.0;-583.0
MG;José Gonçalves de Minas;4553.0;3969.0;-584.0
BA;Manoel Vitorino;14445.0;13860.0;-585.0
GO;Rianápolis;4566.0;3980.0;-586.0
MG;Braúnas;5030.0;4441.0;-589.0
SC;Rio Negrinho;39851.0;39261.0;-590.0
PA;Palestina do Pará;7475.0;6885.0;-590.0
BA;Serra Dourada;17656.0;17066.0;-590.0
MG;União de Minas;4418.0;3828.0;-590.0
ES;Boa Esperança;14199.0;13608.0;-591.0
TO;Aragominas;5882.0;5290.0;-592.0
PB;Juru;9826.0;9234.0;-592.0
SP;Vera Cruz;10769.0;10176.0;-593.0
RS;Cerrito;6402.0;5808.0;-594.0
CE;Pacoti;11780.0;11186.0;-594.0
MG;Candeias;14595.0;14001.0;-594.0
RS;Iraí;8078.0;7482.0;-596.0
CE;Morada Nova;62041.0;61443.0;-598.0
RN;Janduís;5345.0;4746.0;-599.0
MT;Figueirópolis D'Oeste;3787.0;3187.0;-600.0
MG;Central de Minas;6772.0;6171.0;-601.0
RS;Formigueiro;7014.0;6413.0;-601.0
PB;Aguiar;5604.0;5003.0;-601.0
GO;Amorinópolis;3608.0;3007.0;-601.0
SP;Terra Roxa;8505.0;7904.0;-601.0
SE;Pacatuba;13105.0;12502.0;-603.0
MG;Riacho dos Machados;9360.0;8756.0;-604.0
SP;Nova Luzitânia;3441.0;2837.0;-604.0
MG;Estrela do Sul;7446.0;6840.0;-606.0
SP;Apiaí;25191.0;24585.0;-606.0
PB;Solânea;27380.0;26774.0;-606.0
SE;Riachuelo;9355.0;8748.0;-607.0
MG;Claro dos Poções;7775.0;7166.0;-609.0
GO;Bom Jardim de Goiás;8435.0;7826.0;-609.0
MG;Liberdade;5346.0;4737.0;-609.0
RS;São Nicolau;5727.0;5118.0;-609.0
MT;Marcelândia;12006.0;11396.0;-610.0
PE;Barreiros;40732.0;40121.0;-611.0
MG;Paula Cândido;9271.0;8659.0;-612.0
RS;Paim Filho;4243.0;3629.0;-614.0
MT;Colniza;26381.0;25766.0;-615.0
RS;Ipê;6018.0;5399.0;-619.0
RS;Porto Xavier;10558.0;9938.0;-620.0
AL;Olho d'Água Grande;4950.0;4330.0;-620.0
RS;Vicente Dutra;5285.0;4665.0;-620.0
MG;Fortaleza de Minas;4098.0;3477.0;-621.0
SE;Maruim;16343.0;15719.0;-624.0
BA;Ouriçangas;8340.0;7716.0;-624.0
RS;Roque Gonzales;7203.0;6576.0;-627.0
MG;Volta Grande;5070.0;4443.0;-627.0
PR;Tuneiras do Oeste;8695.0;8067.0;-628.0
BA;Cordeiros;8174.0;7546.0;-628.0
MG;Palmópolis;6931.0;6301.0;-630.0
MT;Poconé;31848.0;31217.0;-631.0
SP;Gália;7011.0;6380.0;-631.0
RO;Teixeirópolis;4888.0;4256.0;-632.0
MG;Materlândia;4595.0;3963.0;-632.0
PE;Barra de Guabiraba;12896.0;12263.0;-633.0
TO;Presidente Kennedy;3681.0;3047.0;-634.0
SP;Cajobi;9768.0;9133.0;-635.0
PR;Nova Cantu;7425.0;6790.0;-635.0
BA;Jucuruçu;10290.0;9655.0;-635.0
MG;Capinópolis;15290.0;14655.0;-635.0
MG;Carbonita;9148.0;8512.0;-636.0
MG;Pocrane;8986.0;8350.0;-636.0
BA;Esplanada;33191.0;32554.0;-637.0
MA;Joselândia;15561.0;14924.0;-637.0
TO;Piraquê;2920.0;2282.0;-638.0
BA;Sátiro Dias;16646.0;16008.0;-638.0
MG;Cristália;5760.0;5121.0;-639.0
MG;Campanário;3564.0;2923.0;-641.0
MG;Rio Espera;6070.0;5429.0;-641.0
PR;Luiziana;7332.0;6690.0;-642.0
RS;Alegria;4294.0;3651.0;-643.0
MA;Lago Verde;15412.0;14769.0;-643.0
PA;Abel Figueiredo;6780.0;6136.0;-644.0
MG;Mato Verde;12684.0;12038.0;-646.0
BA;Planaltino;8670.0;8022.0;-648.0
RS;Ibarama;4380.0;3732.0;-648.0
MG;Caxambu;21705.0;21056.0;-649.0
BA;Brejolândia;9757.0;9108.0;-649.0
AC;Plácido de Castro;17209.0;16560.0;-649.0
RS;Arroio do Tigre;12708.0;12058.0;-650.0
ES;Muqui;14396.0;13745.0;-651.0
RS;Catuípe;9325.0;8674.0;-651.0
MT;Lambari D'Oeste;5441.0;4790.0;-651.0
RS;Cerro Branco;4454.0;3802.0;-652.0
GO;Castelândia;3638.0;2985.0;-653.0
TO;Araguaçu;8786.0;8133.0;-653.0
PI;Canto do Buriti;20020.0;19365.0;-655.0
PR;Quarto Centenário;4856.0;4201.0;-655.0
SE;Japaratuba;16864.0;16209.0;-655.0
MG;Coração de Jesus;26033.0;25377.0;-656.0
GO;Goiás;24727.0;24071.0;-656.0
PI;Nazaré do Piauí;7321.0;6665.0;-656.0
PE;Frei Miguelinho;14293.0;13636.0;-657.0
PA;Santa Maria das Barreiras;17206.0;16548.0;-658.0
SP;Maracaí;13332.0;12673.0;-659.0
PR;Janiópolis;6532.0;5870.0;-662.0
MG;Itinga;14407.0;13745.0;-662.0
MT;Nova Brasilândia;4597.0;3932.0;-665.0
TO;Aguiarnópolis;5162.0;4497.0;-665.0
RS;Pinhal Grande;4471.0;3805.0;-666.0
RS;Gramado Xavier;3970.0;3304.0;-666.0
MA;Aldeias Altas;23952.0;23286.0;-666.0
SP;Boa Esperança do Sul;13645.0;12978.0;-667.0
MG;Espinosa;31113.0;30443.0;-670.0
AL;Senador Rui Palmeira;12974.0;12303.0;-671.0
PB;Mulungu;9463.0;8791.0;-672.0
BA;América Dourada;15810.0;15137.0;-673.0
CE;Umari;7545.0;6871.0;-674.0
PR;Cambará;23886.0;23212.0;-674.0
MG;Verdelândia;8346.0;7672.0;-674.0
SP;Rinópolis;9935.0;9259.0;-676.0
MT;Carlinda;11011.0;10332.0;-679.0
PE;Bodocó;35158.0;34478.0;-680.0
SP;Palmeira d'Oeste;9584.0;8903.0;-681.0
RS;Agudo;16722.0;16041.0;-681.0
PR;Amaporã;5443.0;4762.0;-681.0
PI;Ribeiro Gonçalves;6845.0;6164.0;-681.0
MG;Vargem Alegre;6461.0;5780.0;-681.0
MA;Olho d'Água das Cunhãs;18601.0;17919.0;-682.0
GO;Itajá;5062.0;4380.0;-682.0
SP;Tejupá;4809.0;4127.0;-682.0
CE;Jaguaribe;34409.0;33726.0;-683.0
PR;Ivaté;7514.0;6831.0;-683.0
RO;Parecis;4810.0;4125.0;-685.0
PI;Patos do Piauí;6110.0;5425.0;-685.0
MT;São José do Povo;3561.0;2875.0;-686.0
MG;Presidente Bernardes;5537.0;4850.0;-687.0
PR;Três Barras do Paraná;11824.0;11135.0;-689.0
PA;Nova Ipixuna;14645.0;13955.0;-690.0
MG;Gonzaga;5921.0;5230.0;-691.0
MG;Nova Porteirinha;7398.0;6706.0;-692.0
MG;Sobrália;5830.0;5137.0;-693.0
PR;Paranacity;10250.0;9557.0;-693.0
MG;Frei Inocêncio;8920.0;8226.0;-694.0
MG;Nacip Raydan;3154.0;2459.0;-695.0
PB;Santana dos Garrotes;7266.0;6569.0;-697.0
MG;Cuparaque;4680.0;3983.0;-697.0
PE;Iguaracy;11779.0;11081.0;-698.0
RS;Guarani das Missões;8115.0;7415.0;-700.0
PB;Belém;17101.0;16401.0;-700.0
CE;Assaré;22398.0;21697.0;-701.0
SC;Santa Terezinha;8767.0;8066.0;-701.0
GO;Santa Tereza de Goiás;3995.0;3293.0;-702.0
CE;Jaguaretama;17934.0;17232.0;-702.0
RS;Charrua;3471.0;2768.0;-703.0
SP;Irapuru;7789.0;7085.0;-704.0
PR;São Pedro do Iguaçu;6491.0;5784.0;-707.0
MG;Botumirim;6497.0;5790.0;-707.0
MG;Pedralva;11467.0;10760.0;-707.0
MT;Barão de Melgaço;7961.0;7253.0;-708.0
GO;Petrolina de Goiás;10281.0;9573.0;-708.0
BA;São José da Vitória;6024.0;5315.0;-709.0
PA;Santa Cruz do Arari;8155.0;7445.0;-710.0
MT;Castanheira;8219.0;7506.0;-713.0
RS;Tunas;4395.0;3681.0;-714.0
RS;Encruzilhada do Sul;24534.0;23819.0;-715.0
MG;Nepomuceno;25733.0;25018.0;-715.0
PR;Altamira do Paraná;4306.0;3590.0;-716.0
PB;São José de Espinharas;4800.0;4083.0;-717.0
MG;Ataléia;14455.0;13736.0;-719.0
TO;Araguanã;5030.0;4310.0;-720.0
BA;Jussiape;8099.0;7379.0;-720.0
RS;Maximiliano de Almeida;4911.0;4191.0;-720.0
RS;Santa Bárbara do Sul;8843.0;8122.0;-721.0
SP;Coronel Macedo;5001.0;4280.0;-721.0
MA;Peritoró;21201.0;20479.0;-722.0
MG;Carmo do Paranaíba;29735.0;29011.0;-724.0
MG;Mendes Pimentel;6331.0;5606.0;-725.0
TO;Lizarda;3725.0;2999.0;-726.0
RS;Novo Machado;3925.0;3198.0;-727.0
MG;Itanhomi;11856.0;11128.0;-728.0
BA;Aramari;10561.0;9833.0;-728.0
MG;Galiléia;6951.0;6222.0;-729.0
BA;Itaguaçu da Bahia;13041.0;12311.0;-730.0
PI;Francinópolis;5235.0;4505.0;-730.0
PR;Andirá;20610.0;19878.0;-732.0
CE;Apuiarés;13661.0;12928.0;-733.0
RN;Tangará;14016.0;13281.0;-735.0
AL;Girau do Ponciano;36837.0;36102.0;-735.0
MG;Itacambira;4988.0;4252.0;-736.0
PR;Teixeira Soares;10283.0;9547.0;-736.0
CE;Choró;12853.0;12113.0;-740.0
MG;Patis;5579.0;4837.0;-742.0
AL;Jaramataia;5727.0;4985.0;-742.0
MT;Nova Maringá;6590.0;5846.0;-744.0
MG;Estrela do Indaiá;3516.0;2772.0;-744.0
BA;Paratinga;29998.0;29252.0;-746.0
PB;Borborema;4962.0;4214.0;-748.0
MG;Salto da Divisa;6859.0;6110.0;-749.0
BA;Lajedo do Tabocal;8244.0;7494.0;-750.0
PR;Primeiro de Maio;10832.0;10082.0;-750.0
RS;Sertão;6294.0;5541.0;-753.0
PR;Reserva do Iguaçu;7307.0;6553.0;-754.0
BA;Ibitiara;15392.0;14637.0;-755.0
RS;Nova Palma;6342.0;5586.0;-756.0
MG;Barão de Monte Alto;5720.0;4964.0;-756.0
PR;Vera Cruz do Oeste;8973.0;8215.0;-758.0
MG;Divino das Laranjeiras;4937.0;4178.0;-759.0
RO;São Felipe D'Oeste;6018.0;5258.0;-760.0
PR;Laranjal;6360.0;5600.0;-760.0
GO;Simolândia;6507.0;5742.0;-765.0
BA;Macururé;8021.0;7256.0;-765.0
MG;Franciscópolis;5800.0;5034.0;-766.0
MA;Marajá do Sena;7794.0;7027.0;-767.0
MG;Engenheiro Navarro;7122.0;6354.0;-768.0
BA;Cândido Sales;26015.0;25247.0;-768.0
MG;Manhumirim;21382.0;20613.0;-769.0
MG;Jampruca;5067.0;4296.0;-771.0
PE;Betânia;12003.0;11232.0;-771.0
RS;Ciríaco;4922.0;4149.0;-773.0
MG;Padre Carvalho;5834.0;5058.0;-776.0
SP;São José da Bela Vista;8406.0;7626.0;-780.0
SP;Monte Azul Paulista;18931.0;18151.0;-780.0
MG;Guarará;3929.0;3149.0;-780.0
RS;Rio dos Índios;3616.0;2835.0;-781.0
BA;Acajutiba;14577.0;13795.0;-782.0
MG;Crisólita;6047.0;5265.0;-782.0
PI;Fronteiras;11042.0;10259.0;-783.0
AM;Rio Preto da Eva;25719.0;24936.0;-783.0
CE;Coreaú;21738.0;20953.0;-785.0
RS;São Pedro do Sul;16368.0;15577.0;-791.0
SP;Santos;419400.0;418608.0;-792.0
CE;Aratuba;12016.0;11224.0;-792.0
MA;Central do Maranhão;7887.0;7094.0;-793.0
TO;Filadélfia;8505.0;7712.0;-793.0
BA;Palmas de Monte Alto;20872.0;20078.0;-794.0
PE;Casinhas;13766.0;12967.0;-799.0
PR;Antonina;18891.0;18091.0;-800.0
MA;Cidelândia;13681.0;12878.0;-803.0
MG;São João do Oriente;7874.0;7070.0;-804.0
BA;Teodoro Sampaio;7914.0;7110.0;-804.0
PR;Cerro Azul;16938.0;16134.0;-804.0
BA;Itagimirim;7154.0;6347.0;-807.0
RN;Venha-Ver;3821.0;3014.0;-807.0
SP;Mineiros do Tietê;12038.0;11230.0;-808.0
BA;Oliveira dos Brejinhos;21524.0;20715.0;-809.0
PB;Nova Floresta;10533.0;9724.0;-809.0
MT;Novo Mundo;7332.0;6520.0;-812.0
SC;Romelândia;5637.0;4823.0;-814.0
RS;Marcelino Ramos;5134.0;4320.0;-814.0
BA;Macajuba;11268.0;10454.0;-814.0
RO;Alto Paraíso;17135.0;16320.0;-815.0
SP;Campos do Jordão;47789.0;46974.0;-815.0
BA;Barra do Rocha;6591.0;5775.0;-816.0
RS;Paraíso do Sul;7336.0;6519.0;-817.0
BA;Cravolândia;5233.0;4415.0;-818.0
BA;São Miguel das Matas;11155.0;10334.0;-821.0
BA;Planalto;24156.0;23334.0;-822.0
RS;Progresso;6163.0;5340.0;-823.0
MT;Porto Esperidião;11031.0;10204.0;-827.0
GO;Itauçu;8563.0;7736.0;-827.0
RN;Santana do Matos;13284.0;12456.0;-828.0
MG;Bom Jesus do Galho;15364.0;14536.0;-828.0
MG;Rio Pardo de Minas;29099.0;28271.0;-828.0
MG;Canápolis;11436.0;10608.0;-828.0
PE;São Benedito do Sul;13941.0;13113.0;-828.0
TO;Dois Irmãos do Tocantins;7161.0;6327.0;-834.0
RS;General Câmara;8447.0;7612.0;-835.0
CE;Madalena;17731.0;16896.0;-835.0
PA;São João da Ponta;5265.0;4430.0;-835.0
MA;Lago do Junco;10343.0;9506.0;-837.0
MG;Palma;6545.0;5707.0;-838.0
RJ;Engenheiro Paulo de Frontin;13080.0;12242.0;-838.0
BA;Rio do Pires;11336.0;10497.0;-839.0
MS;Anaurilândia;8493.0;7653.0;-840.0
BA;Matina;11171.0;10330.0;-841.0
ES;Mantenópolis;13612.0;12770.0;-842.0
RS;Doutor Maurício Cardoso;5313.0;4470.0;-843.0
PE;Santa Terezinha;11089.0;10244.0;-845.0
BA;Irajuba;6946.0;6101.0;-845.0
PR;Guaraniaçu;14582.0;13735.0;-847.0
MA;Amarante do Maranhão;37932.0;37085.0;-847.0
BA;Morro do Chapéu;34441.0;33594.0;-847.0
AL;Paulo Jacinto;7426.0;6576.0;-850.0
PR;Itambaracá;6759.0;5908.0;-851.0
CE;Aurora;24566.0;23714.0;-852.0
SP;Barra do Turvo;7729.0;6876.0;-853.0
RN;São Tomé;10827.0;9972.0;-855.0
TO;Itaguatins;6029.0;5172.0;-857.0
PR;São João do Ivaí;11525.0;10667.0;-858.0
PB;Cacimba de Dentro;16923.0;16064.0;-859.0
BA;Cabaceiras do Paraguaçu;17420.0;16559.0;-861.0
MG;Coluna;9024.0;8163.0;-861.0
TO;Cristalândia;7234.0;6371.0;-863.0
PA;Nova Timboteua;13670.0;12806.0;-864.0
BA;Capela do Alto Alegre;11609.0;10744.0;-865.0
SP;Pereira Barreto;24962.0;24095.0;-867.0
TO;Palmeiras do Tocantins;5740.0;4872.0;-868.0
MG;Medina;21026.0;20156.0;-870.0
PE;Bom Jardim;38500.0;37629.0;-871.0
PB;Olho d'Água;6931.0;6060.0;-871.0
BA;Nilo Peçanha;12935.0;12063.0;-872.0
SP;Nhandeara;10725.0;9852.0;-873.0
PB;Belém do Brejo do Cruz;7143.0;6268.0;-875.0
PR;Braganey;5735.0;4854.0;-881.0
BA;Heliópolis;13192.0;12309.0;-883.0
BA;Taperoá;18928.0;18044.0;-884.0
PA;Quatipuru;12411.0;11524.0;-887.0
CE;Itapiúna;18732.0;17841.0;-891.0
RS;Lagoão;6233.0;5341.0;-892.0
PE;Jurema;14541.0;13648.0;-893.0
RS;Taquari;26092.0;25198.0;-894.0
BA;Banzaê;12854.0;11958.0;-896.0
RS;Jaguari;11475.0;10579.0;-896.0
MA;Vila Nova dos Martírios;11258.0;10362.0;-896.0
CE;Araripe;20679.0;19783.0;-896.0
SE;Boquim;25533.0;24636.0;-897.0
SP;Barra Bonita;35246.0;34346.0;-900.0
SP;São Simão;14346.0;13442.0;-904.0
BA;Urandi;16260.0;15355.0;-905.0
PI;Elesbão Veloso;14512.0;13607.0;-905.0
PI;São Francisco do Piauí;6298.0;5392.0;-906.0
RS;Alpestre;8027.0;7117.0;-910.0
RS;Santo Antônio das Missões;11210.0;10300.0;-910.0
MA;São João do Paraíso;10814.0;9904.0;-910.0
PR;Bandeirantes;32184.0;31273.0;-911.0
RS;Arroio Grande;18470.0;17558.0;-912.0
MG;Lagoa dos Patos;4225.0;3313.0;-912.0
BA;Mirangaba;16649.0;15734.0;-915.0
BA;Aporá;16838.0;15922.0;-916.0
MG;Coronel Murta;9117.0;8200.0;-917.0
SP;Tapiratiba;12737.0;11816.0;-921.0
PR;Nova Fátima;8147.0;7225.0;-922.0
RS;Alecrim;7045.0;6123.0;-922.0
BA;Iramaia;11675.0;10752.0;-923.0
SP;Severínia;15501.0;14576.0;-925.0
MG;Manga;19813.0;18886.0;-927.0
SP;Guapiara;17998.0;17071.0;-927.0
MG;Tombos;9537.0;8609.0;-928.0
MG;Guiricema;8707.0;7778.0;-929.0
RN;Pedro Avelino;7171.0;6242.0;-929.0
BA;Itaparica;20725.0;19789.0;-936.0
GO;Doverlândia;7892.0;6956.0;-936.0
MG;Josenópolis;4566.0;3630.0;-936.0
PR;Goioxim;7503.0;6566.0;-937.0
PA;Conceição do Araguaia;45557.0;44617.0;-940.0
SP;Gastão Vidigal;4193.0;3252.0;-941.0
MG;Gurinhatã;6137.0;5192.0;-945.0
SP;Ariranha;8547.0;7602.0;-945.0
PB;São José de Princesa;4364.0;3416.0;-948.0
SP;Barbosa;6593.0;5640.0;-953.0
AL;Maravilha;10490.0;9534.0;-956.0
RN;Patu;11964.0;11007.0;-957.0
AL;Passo de Camaragibe;14763.0;13804.0;-959.0
PB;Imaculada;11352.0;10392.0;-960.0
MA;Altamira do Maranhão;7407.0;6447.0;-960.0
RO;Cabixi;6313.0;5351.0;-962.0
BA;Malhada;16361.0;15398.0;-963.0
RS;Itatiba do Sul;4171.0;3208.0;-963.0
MG;Guarani;8678.0;7714.0;-964.0
MG;Cipotânea;6547.0;5581.0;-966.0
MG;Barbacena;126284.0;125317.0;-967.0
TO;Xambioá;11484.0;10517.0;-967.0
MG;Setubinha;10885.0;9917.0;-968.0
MG;Lagamar;7600.0;6631.0;-969.0
BA;Pindaí;15700.0;14731.0;-969.0
SP;Tambaú;22406.0;21435.0;-971.0
RS;Restinga Sêca;15911.0;14939.0;-972.0
PE;Belém de Maria;11353.0;10378.0;-975.0
PE;Sertânia;33787.0;32811.0;-976.0
MT;Juruena;11190.0;10213.0;-977.0
MG;Santana de Pirapama;8009.0;7030.0;-979.0
AL;Branquinha;10583.0;9603.0;-980.0
CE;Ibaretama;12939.0;11956.0;-983.0
PR;Grandes Rios;6625.0;5641.0;-984.0
MG;Indaiabira;7330.0;6346.0;-984.0
BA;Amélia Rodrigues;25125.0;24138.0;-987.0
PB;Pirpirituba;10327.0;9340.0;-987.0
BA;Iaçu;25595.0;24607.0;-988.0
MG;Ibiá;23218.0;22229.0;-989.0
ES;Conceição da Barra;28449.0;27458.0;-991.0
RO;Cujubim;15854.0;14863.0;-991.0
SP;Guaraçaí;8435.0;7441.0;-994.0
RS;Bossoroca;6884.0;5890.0;-994.0
RS;Liberato Salzano;5780.0;4781.0;-999.0
GO;Santa Rita do Araguaia;6924.0;5924.0;-1000.0
MG;Rio Vermelho;13645.0;12641.0;-1004.0
PI;Massapê do Piauí;6222.0;5218.0;-1004.0
MG;Machado;38688.0;37684.0;-1004.0
SP;Garça;43115.0;42110.0;-1005.0
PA;Bonito;13630.0;12622.0;-1008.0
SP;Miguelópolis;20451.0;19441.0;-1010.0
PR;Honório Serpa;5955.0;4941.0;-1014.0
BA;Presidente Jânio Quadros;13635.0;12621.0;-1014.0
GO;Campos Verdes;5020.0;4005.0;-1015.0
PA;Ponta de Pedras;25999.0;24984.0;-1015.0
MG;Jenipapo de Minas;7116.0;6100.0;-1016.0
BA;Mascote;14562.0;13544.0;-1018.0
TO;Monte do Carmo;6716.0;5694.0;-1022.0
MG;Mesquita;6069.0;5040.0;-1029.0
GO;Monte Alegre de Goiás;7730.0;6692.0;-1038.0
BA;Ubaíra;19664.0;18626.0;-1038.0
BA;Barro Preto;6873.0;5833.0;-1040.0
TO;Taguatinga;15051.0;14011.0;-1040.0
CE;Hidrolândia;18896.0;17855.0;-1041.0
RS;Segredo;7050.0;6009.0;-1041.0
RS;Amaral Ferrador;6353.0;5310.0;-1043.0
PR;Querência do Norte;11729.0;10685.0;-1044.0
BA;Jandaíra;10331.0;9285.0;-1046.0
RO;Costa Marques;13678.0;12627.0;-1051.0
RS;Porto Lucena;5413.0;4360.0;-1053.0
MG;Joaíma;14941.0;13888.0;-1053.0
SP;São Manuel;38342.0;37289.0;-1053.0
AL;Major Isidoro;18753.0;17700.0;-1053.0
MA;Jatobá;8526.0;7471.0;-1055.0
MG;Carangola;32296.0;31240.0;-1056.0
BA;Itambé;25450.0;24394.0;-1056.0
SP;Conchas;16288.0;15232.0;-1056.0
PB;São José de Caiana;6094.0;5034.0;-1060.0
RS;Giruá;17075.0;16013.0;-1062.0
BA;Candeal;8837.0;7772.0;-1065.0
PR;Uraí;11472.0;10406.0;-1066.0
MG;São Francisco;53828.0;52762.0;-1066.0
MS;Iguatemi;14875.0;13808.0;-1067.0
TO;Peixe;10384.0;9317.0;-1067.0
SP;Santa Cruz das Palmeiras;29932.0;28864.0;-1068.0
CE;Tarrafas;8597.0;7529.0;-1068.0
MA;Campestre do Maranhão;13369.0;12301.0;-1068.0
MG;Matias Cardoso;9964.0;8895.0;-1069.0
PE;Orobó;22878.0;21808.0;-1070.0
SE;Riachão do Dantas;19386.0;18313.0;-1073.0
SC;Fraiburgo;34556.0;33481.0;-1075.0
RS;Erval Seco;7863.0;6787.0;-1076.0
CE;Ipueiras;37876.0;36798.0;-1078.0
BA;Sebastião Laranjeiras;10444.0;9360.0;-1084.0
MG;São Geraldo da Piedade;4389.0;3305.0;-1084.0
MS;Nioaque;14304.0;13220.0;-1084.0
CE;Senador Pompeu;25350.0;24266.0;-1084.0
MS;Pedro Gomes;8026.0;6941.0;-1085.0
BA;Almadina;6304.0;5218.0;-1086.0
TO;Almas;7586.0;6499.0;-1087.0
AL;Dois Riachos;10894.0;9805.0;-1089.0
MA;Bequimão;20674.0;19584.0;-1090.0
RS;Cerro Grande do Sul;10268.0;9178.0;-1090.0
MG;Jacinto;12134.0;11042.0;-1092.0
MA;Santana do Maranhão;11661.0;10567.0;-1094.0
MA;Cururupu;32652.0;31558.0;-1094.0
CE;Alto Santo;15250.0;14155.0;-1095.0
MG;Joanésia;5425.0;4329.0;-1096.0
SP;Santa Lúcia;8248.0;7149.0;-1099.0
MA;Rosário;39576.0;38475.0;-1101.0
AL;Campo Grande;9244.0;8143.0;-1101.0
MG;Virgolândia;5658.0;4552.0;-1106.0
RS;São Jerônimo;22134.0;21028.0;-1106.0
PB;Areia;23742.0;22633.0;-1109.0
SP;Jacupiranga;17208.0;16097.0;-1111.0
RS;Palmeira das Missões;34328.0;33216.0;-1112.0
MA;Alto Alegre do Maranhão;25164.0;24048.0;-1116.0
BA;Igrapiúna;14270.0;13151.0;-1119.0
MG;Cordisburgo;8667.0;7547.0;-1120.0
RS;São Lourenço do Sul;43111.0;41989.0;-1122.0
MG;Grão Mogol;15024.0;13901.0;-1123.0
SP;Ituverava;38695.0;37571.0;-1124.0
RS;Barão do Triunfo;7018.0;5889.0;-1129.0
BA;Paripiranga;27740.0;26604.0;-1136.0
AP;Vitória do Jari;12428.0;11291.0;-1137.0
BA;Itamari;8190.0;7051.0;-1139.0
BA;Santa Maria da Vitória;39743.0;38604.0;-1139.0
RO;Cerejeiras;17029.0;15890.0;-1139.0
MG;Buenópolis;10292.0;9150.0;-1142.0
SP;Mirante do Paranapanema;17059.0;15917.0;-1142.0
MG;Riachinho;8007.0;6863.0;-1144.0
PR;Sengés;18414.0;17270.0;-1144.0
RJ;São Sebastião do Alto;8895.0;7750.0;-1145.0
SP;Ribeirão Bonito;12135.0;10989.0;-1146.0
BA;Mutuípe;21184.0;20037.0;-1147.0
RS;Jóia;8331.0;7184.0;-1147.0
MG;Dores do Indaiá;13778.0;12630.0;-1148.0
MT;São José dos Quatro Marcos;18998.0;17849.0;-1149.0
RN;Pendências;13432.0;12278.0;-1154.0
SP;Paraguaçu Paulista;42278.0;41120.0;-1158.0
CE;Tamboril;25974.0;24815.0;-1159.0
RS;Passa Sete;5143.0;3983.0;-1160.0
MT;Nova Olímpia;17515.0;16352.0;-1163.0
GO;Firminópolis;11582.0;10419.0;-1163.0
BA;Rio do Antônio;14312.0;13146.0;-1166.0
RS;Fontoura Xavier;10719.0;9550.0;-1169.0
BA;Arataca;11361.0;10191.0;-1170.0
BA;Pindobaçu;20257.0;19083.0;-1174.0
RS;Caçapava do Sul;33690.0;32515.0;-1175.0
RS;Vale do Sol;11077.0;9897.0;-1180.0
SP;Morro Agudo;29116.0;27933.0;-1183.0
BA;Marcionílio Souza;10451.0;9267.0;-1184.0
SP;Paulo de Faria;8589.0;7400.0;-1189.0
MG;São Pedro dos Ferros;8356.0;7166.0;-1190.0
MT;Guarantã do Norte;32216.0;31024.0;-1192.0
TO;Arapoema;6742.0;5550.0;-1192.0
PE;Iati;18360.0;17165.0;-1195.0
BA;São Sebastião do Passé;42153.0;40958.0;-1195.0
RS;Crissiumal;14084.0;12886.0;-1198.0
BA;Tapiramutá;17016.0;15818.0;-1198.0
SP;Caconde;18301.0;17101.0;-1200.0
AL;Igaci;25197.0;23995.0;-1202.0
MG;Iguatama;8029.0;6826.0;-1203.0
PE;Bom Conselho;45503.0;44294.0;-1209.0
MA;São Francisco do Brejão;10261.0;9051.0;-1210.0
ES;Alegre;30392.0;29177.0;-1215.0
GO;Maurilândia;11521.0;10304.0;-1217.0
RS;Santana da Boa Vista;8242.0;7024.0;-1218.0
ES;Ecoporanga;23212.0;21992.0;-1220.0
RN;Nova Cruz;35490.0;34269.0;-1221.0
RN;Areia Branca;25315.0;24093.0;-1222.0
MG;Campos Altos;14206.0;12979.0;-1227.0
MG;Ibiraci;12176.0;10948.0;-1228.0
AL;Chã Preta;7138.0;5910.0;-1228.0
AL;Poço das Trincheiras;13748.0;12518.0;-1230.0
PA;Uruará;44789.0;43558.0;-1231.0
RN;São José do Campestre;12356.0;11121.0;-1235.0
PE;Capoeiras;19581.0;18338.0;-1243.0
MG;Ferros;10837.0;9590.0;-1247.0
RN;Canguaretama;30916.0;29668.0;-1248.0
BA;Itiúba;35121.0;33872.0;-1249.0
RJ;Mesquita;168376.0;167127.0;-1249.0
SP;Guará;19858.0;18606.0;-1252.0
PB;Barra de Santa Rosa;14157.0;12904.0;-1253.0
PE;Jaqueira;11501.0;10247.0;-1254.0
MA;Bacuri;17548.0;16290.0;-1258.0
MG;Malacacheta;18776.0;17516.0;-1260.0
PE;Cumaru;17183.0;15920.0;-1263.0
RO;Corumbiara;8783.0;7519.0;-1264.0
RS;Candelária;30171.0;28906.0;-1265.0
PE;Santa Filomena;13371.0;12106.0;-1265.0
MG;Alto Rio Doce;12159.0;10891.0;-1268.0
CE;Umirim;18741.0;17470.0;-1271.0
PR;Inácio Martins;10943.0;9670.0;-1273.0
SE;Tomar do Geru;13287.0;12012.0;-1275.0
MG;Miradouro;10251.0;8968.0;-1283.0
SP;Palmares Paulista;10934.0;9650.0;-1284.0
RO;Nova União;7493.0;6200.0;-1293.0
MG;Fruta de Leite;5940.0;4647.0;-1293.0
AL;Piaçabuçu;17203.0;15908.0;-1295.0
PB;Itabaiana;24481.0;23182.0;-1299.0
BA;Quijingue;26575.0;25272.0;-1303.0
CE;Cariús;18320.0;17015.0;-1305.0
BA;Itapebi;10482.0;9174.0;-1308.0
PA;Bujaru;25695.0;24383.0;-1312.0
MG;Campina Verde;19324.0;18011.0;-1313.0
SP;Rincão;10414.0;9098.0;-1316.0
PA;Novo Repartimento;62050.0;60732.0;-1318.0
RS;Butiá;20406.0;19084.0;-1322.0
RS;Jaguarão;27931.0;26603.0;-1328.0
RS;Dom Feliciano;14380.0;13051.0;-1329.0
PB;Natuba;10277.0;8945.0;-1332.0
PA;São Geraldo do Araguaia;25587.0;24255.0;-1332.0
RS;Tiradentes do Sul;6461.0;5129.0;-1332.0
MG;Açucena;10276.0;8943.0;-1333.0
SP;Juquitiba;28737.0;27404.0;-1333.0
MG;Itaipé;11798.0;10463.0;-1335.0
PA;Concórdia do Pará;28216.0;26881.0;-1335.0
RO;Alto Alegre dos Parecis;12816.0;11479.0;-1337.0
BA;Itaju do Colônia;7376.0;6037.0;-1339.0
RN;Currais Novos;42652.0;41313.0;-1339.0
BA;Mairi;19015.0;17674.0;-1341.0
PE;Palmeirina;8373.0;7031.0;-1342.0
CE;Campos Sales;26478.0;25135.0;-1343.0
RS;Taquara;54590.0;53242.0;-1348.0
RS;Júlio de Castilhos;19579.0;18226.0;-1353.0
PB;Serraria;6238.0;4885.0;-1353.0
BA;Nova Redenção;8898.0;7538.0;-1360.0
BA;Itarantim;18412.0;17052.0;-1360.0
MA;São Vicente Ferrer;20863.0;19498.0;-1365.0
PR;Santa Mariana;12435.0;11066.0;-1369.0
MA;Brejo de Areia;10590.0;9218.0;-1372.0
PR;Coronel Domingos Soares;7022.0;5649.0;-1373.0
TO;Dianópolis;19112.0;17739.0;-1373.0
MA;São João Batista;19920.0;18544.0;-1376.0
CE;Paramoti;11763.0;10384.0;-1379.0
PR;Santa Maria do Oeste;11316.0;9934.0;-1382.0
BA;Inhambupe;35176.0;33790.0;-1386.0
CE;Farias Brito;19617.0;18217.0;-1400.0
PE;Moreno;56696.0;55292.0;-1404.0
PR;Cândido de Abreu;16655.0;15244.0;-1411.0
MG;Rio Casca;14201.0;12789.0;-1412.0
TO;Rio Sono;6254.0;4841.0;-1413.0
MA;São Roberto;5957.0;4544.0;-1413.0
RO;Jaru;52005.0;50591.0;-1414.0
MG;Conselheiro Pena;22242.0;20824.0;-1418.0
AL;Ibateguara;15149.0;13731.0;-1418.0
AL;Viçosa;25514.0;24092.0;-1422.0
RS;Boqueirão do Leão;7673.0;6247.0;-1426.0
ES;Mimoso do Sul;25902.0;24475.0;-1427.0
MG;São João da Ponte;25358.0;23930.0;-1428.0
PR;Moreira Sales;12606.0;11175.0;-1431.0
MT;Cláudia;11028.0;9593.0;-1435.0
MG;Francisco Sá;24912.0;23476.0;-1436.0
SE;Pedrinhas;8833.0;7396.0;-1437.0
CE;Potengi;10273.0;8833.0;-1440.0
AL;Murici;26627.0;25187.0;-1440.0
MG;Santo Antônio do Jacinto;11775.0;10327.0;-1448.0
PR;Engenheiro Beltrão;13906.0;12454.0;-1452.0
MG;Carlos Chagas;20069.0;18615.0;-1454.0
SP;Américo Brasiliense;34478.0;33019.0;-1459.0
SP;Orlândia;39781.0;38319.0;-1462.0
MG;Sabinópolis;15704.0;14240.0;-1464.0
PA;Itupiranga;51220.0;49754.0;-1466.0
RO;Santa Luzia D'Oeste;8886.0;7419.0;-1467.0
MG;Serra dos Aimorés;8412.0;6944.0;-1468.0
PE;Saloá;15309.0;13836.0;-1473.0
PR;São Pedro do Ivaí;10167.0;8690.0;-1477.0
BA;Ruy Barbosa;29768.0;28282.0;-1486.0
BA;Dário Meira;12309.0;10820.0;-1489.0
RS;Sinimbu;10068.0;8578.0;-1490.0
GO;Paranaiguara;9100.0;7607.0;-1493.0
PB;Araruna;18683.0;17189.0;-1494.0
MT;Vila Rica;21382.0;19888.0;-1494.0
MG;Campos Gerais;27600.0;26105.0;-1495.0
MT;Denise;8513.0;7014.0;-1499.0
BA;Água Fria;15997.0;14497.0;-1500.0
MA;Timbiras;27997.0;26484.0;-1513.0
MG;Padre Paraíso;18849.0;17334.0;-1515.0
CE;Milagres;27418.0;25900.0;-1518.0
MG;Jequitaí;8005.0;6484.0;-1521.0
CE;São Luís do Curu;12347.0;10822.0;-1525.0
AL;São Luís do Quitunde;32412.0;30873.0;-1539.0
BA;Abaíra;8841.0;7301.0;-1540.0
CE;Independência;25573.0;24024.0;-1549.0
MG;Ibiaí;7839.0;6286.0;-1553.0
PR;Tamarana;12262.0;10707.0;-1555.0
RN;Poço Branco;13949.0;12390.0;-1559.0
RN;Caicó;62709.0;61146.0;-1563.0
BA;Guajeru;9614.0;8050.0;-1564.0
RS;Pinheiro Machado;12780.0;11214.0;-1566.0
SP;Eldorado;14641.0;13069.0;-1572.0
MS;Bela Vista;23192.0;21613.0;-1579.0
RN;Macau;28954.0;27369.0;-1585.0
RO;Cacaulândia;5736.0;4150.0;-1586.0
PE;Lagoa dos Gatos;15665.0;14076.0;-1589.0
SP;Palmital;21186.0;19594.0;-1592.0
RO;Vale do Anari;9384.0;7788.0;-1596.0
MG;Inhapim;24294.0;22692.0;-1602.0
RS;Coronel Bicaco;7748.0;6144.0;-1604.0
MG;Santa Maria do Suaçuí;14395.0;12788.0;-1607.0
GO;São Domingos;11325.0;9711.0;-1614.0
SP;Piquete;14107.0;12490.0;-1617.0
BA;Ibicuí;15552.0;13934.0;-1618.0
PA;Trairão;16875.0;15242.0;-1633.0
SP;Pitangueiras;35307.0;33674.0;-1633.0
RS;São Francisco de Assis;19254.0;17618.0;-1636.0
AL;Porto Calvo;25708.0;24071.0;-1637.0
MG;Comercinho;8298.0;6660.0;-1638.0
CE;Itapajé;48070.0;46426.0;-1644.0
AL;Jacuípe;6997.0;5352.0;-1645.0
SP;Santa Rita do Passa Quatro;26478.0;24833.0;-1645.0
BA;Boa Nova;15341.0;13690.0;-1651.0
AL;Novo Lino;11673.0;10020.0;-1653.0
PE;Lagoa de Itaenga;20659.0;19003.0;-1656.0
BA;Pau Brasil;11028.0;9370.0;-1658.0
SP;São Sebastião da Grama;12099.0;10441.0;-1658.0
AL;Coruripe;52072.0;50414.0;-1658.0
BA;Adustina;15861.0;14201.0;-1660.0
SP;Euclides da Cunha Paulista;9585.0;7924.0;-1661.0
PE;Altinho;22337.0;20674.0;-1663.0
MG;Monte Azul;21994.0;20328.0;-1666.0
MA;Itapecuru Mirim;62110.0;60440.0;-1670.0
PE;Aliança;37415.0;35741.0;-1674.0
BA;Nova Soure;25911.0;24236.0;-1675.0
RS;Salto do Jacuí;11880.0;10203.0;-1677.0
BA;Entre Rios;39776.0;38098.0;-1678.0
MA;Presidente Médici;6374.0;4696.0;-1678.0
MA;Lago da Pedra;46083.0;44403.0;-1680.0
BA;Belmonte;21804.0;20121.0;-1683.0
AL;Igreja Nova;23074.0;21372.0;-1702.0
CE;Orós;21389.0;19675.0;-1714.0
MG;Araçuaí;36013.0;34297.0;-1716.0
PR;Cornélio Procópio;46928.0;45206.0;-1722.0
MA;Pedreiras;38777.0;37050.0;-1727.0
BA;Itaeté;15200.0;13472.0;-1728.0
SP;Taquaritinga;53988.0;52260.0;-1728.0
ES;João Neiva;15809.0;14079.0;-1730.0
RO;Vale do Paraíso;8210.0;6479.0;-1731.0
GO;Anicuns;20242.0;18503.0;-1739.0
SP;Igarapava;27952.0;26212.0;-1740.0
MT;Barra do Bugres;31146.0;29403.0;-1743.0
CE;Pedra Branca;41933.0;40187.0;-1746.0
CE;Palmácia;11994.0;10242.0;-1752.0
BA;Boa Vista do Tupim;18630.0;16873.0;-1757.0
BA;Tremedal;18055.0;16296.0;-1759.0
MG;Itambacuri;22809.0;21042.0;-1767.0
BA;Brejões;14711.0;12943.0;-1768.0
BA;Utinga;18049.0;16277.0;-1772.0
PR;Altônia;20516.0;18742.0;-1774.0
BA;Ipecaetá;15487.0;13709.0;-1778.0
AL;Canapi;17338.0;15559.0;-1779.0
BA;Itiruçu;12785.0;10999.0;-1786.0
MA;Guimarães;12081.0;10290.0;-1791.0
MG;Montalvânia;15862.0;14060.0;-1802.0
SP;Presidente Epitácio;41318.0;39505.0;-1813.0
MG;Virgem da Lapa;13619.0;11804.0;-1815.0
PE;Flores;22169.0;20347.0;-1822.0
MA;São Luís Gonzaga do Maranhão;19645.0;17818.0;-1827.0
MA;Paraibano;20103.0;18274.0;-1829.0
PR;Palmital;14865.0;13033.0;-1832.0
SE;Propriá;28451.0;26618.0;-1833.0
RS;Barros Cassal;11133.0;9296.0;-1837.0
GO;Iaciara;12427.0;10584.0;-1843.0
MG;Itaobim;21001.0;19151.0;-1850.0
AL;Estrela de Alagoas;17287.0;15429.0;-1858.0
PR;Barbosa Ferraz;12656.0;10795.0;-1861.0
BA;Boquira;21184.0;19322.0;-1862.0
MA;Buritirana;14784.0;12918.0;-1866.0
AL;São José da Laje;22686.0;20813.0;-1873.0
BA;Santa Cruz da Vitória;6557.0;4681.0;-1876.0
AM;Borba;34961.0;33080.0;-1881.0
MG;Dionísio;8739.0;6847.0;-1892.0
BA;Saúde;12373.0;10478.0;-1895.0
AL;Limoeiro de Anadia;26636.0;24740.0;-1896.0
BA;Conceição do Almeida;17698.0;15794.0;-1904.0
RS;Dom Pedrito;38898.0;36981.0;-1917.0
RJ;Barra do Piraí;94808.0;92883.0;-1925.0
MA;Cajari;18338.0;16412.0;-1926.0
RS;Tapes;16629.0;14695.0;-1934.0
CE;Saboeiro;15792.0;13854.0;-1938.0
AM;Careiro;32734.0;30792.0;-1942.0
RS;São Gabriel;60432.0;58487.0;-1945.0
AL;Penedo;60596.0;58650.0;-1946.0
TO;Esperantina;9476.0;7530.0;-1946.0
PE;Belém do São Francisco;20253.0;18301.0;-1952.0
MG;Caeté;40750.0;38776.0;-1974.0
RS;São Borja;61671.0;59676.0;-1995.0
AM;Maraã;17528.0;15529.0;-1999.0
MG;Poté;15667.0;13666.0;-2001.0
CE;Boa Viagem;52421.0;50411.0;-2010.0
BA;Monte Santo;49793.0;47780.0;-2013.0
PR;Cantagalo;12952.0;10933.0;-2019.0
BA;Baixa Grande;20240.0;18220.0;-2020.0
MA;Parnarama;33281.0;31250.0;-2031.0
PE;Parnamirim;20646.0;18612.0;-2034.0
PA;São Domingos do Araguaia;23130.0;21092.0;-2038.0
SP;Miracatu;20592.0;18553.0;-2039.0
CE;São João do Jaguaribe;7900.0;5855.0;-2045.0
BA;Terra Nova;12851.0;10798.0;-2053.0
MT;Alto Paraguai;10066.0;8009.0;-2057.0
PR;Cruz Machado;18040.0;15978.0;-2062.0
MG;Várzea da Palma;35809.0;33744.0;-2065.0
BA;Itanhém;19884.0;17813.0;-2071.0
MT;Rosário Oeste;17527.0;15453.0;-2074.0
RJ;Angra dos Reis;169511.0;167434.0;-2077.0
SP;Cruzeiro;77039.0;74961.0;-2078.0
SE;Neópolis;18506.0;16426.0;-2080.0
MT;Jauru;10448.0;8367.0;-2081.0
SP;Espírito Santo do Pinhal;41907.0;39816.0;-2091.0
SP;Juquiá;19246.0;17154.0;-2092.0
MG;Rubelita;7772.0;5679.0;-2093.0
BA;Miguel Calmon;26761.0;24661.0;-2100.0
TO;Miracema do Tocantins;20684.0;18566.0;-2118.0
CE;Aiuaba;16203.0;14076.0;-2127.0
CE;Barro;21520.0;19381.0;-2139.0
PE;Rio Formoso;22151.0;20009.0;-2142.0
SP;Queluz;11309.0;9159.0;-2150.0
MA;Coroatá;61725.0;59566.0;-2159.0
PR;Clevelândia;17240.0;15070.0;-2170.0
BA;Rio Real;37539.0;35362.0;-2177.0
BA;Pojuca;34335.0;32136.0;-2199.0
BA;Itajuípe;20981.0;18781.0;-2200.0
MT;São José do Rio Claro;17124.0;14911.0;-2213.0
PB;Tacima;10229.0;8010.0;-2219.0
BA;Pedro Alexandre;16186.0;13954.0;-2232.0
SP;Poá;106013.0;103765.0;-2248.0
RO;Urupá;12974.0;10725.0;-2249.0
SP;Rosana;19691.0;17440.0;-2251.0
AL;Jequiá da Praia;11724.0;9470.0;-2254.0
BA;Santo Amaro;58270.0;56012.0;-2258.0
RO;Guajará-Mirim;41656.0;39387.0;-2269.0
ES;Pedro Canário;23794.0;21522.0;-2272.0
MA;Governador Nunes Freire;25401.0;23128.0;-2273.0
RS;Tupanciretã;22281.0;20005.0;-2276.0
RS;Guaíba;95204.0;92924.0;-2280.0
PE;Machados;13627.0;11333.0;-2294.0
PE;Cortês;12501.0;10198.0;-2303.0
BA;Nova Canaã;16036.0;13715.0;-2321.0
BA;Riacho de Santana;33033.0;30711.0;-2322.0
AL;Capela;17367.0;15032.0;-2335.0
RS;Piratini;19841.0;17504.0;-2337.0
PE;João Alfredo;30069.0;27725.0;-2344.0
PB;Alagoa Grande;28410.0;26062.0;-2348.0
BA;Caetanos;13615.0;11266.0;-2349.0
MA;Itinga do Maranhão;24863.0;22513.0;-2350.0
BA;Aurelino Leal;13552.0;11179.0;-2373.0
RS;Itaqui;38159.0;35768.0;-2391.0
BA;Araci;50689.0;48294.0;-2395.0
BA;Rafael Jambeiro;22062.0;19662.0;-2400.0
PA;Maracanã;28376.0;25971.0;-2405.0
MG;Cabo Verde;13823.0;11410.0;-2413.0
AL;Traipu;25992.0;23565.0;-2427.0
MS;Porto Murtinho;15290.0;12859.0;-2431.0
SP;Aparecida;35007.0;32569.0;-2438.0
BA;Valença;88100.0;85655.0;-2445.0
BA;Itapetinga;68343.0;65897.0;-2446.0
CE;Cedro;24792.0;22344.0;-2448.0
MA;Bom Lugar;14666.0;12212.0;-2454.0
PE;Joaquim Nabuco;15732.0;13269.0;-2463.0
MG;Berilo;12300.0;9826.0;-2474.0
PE;Xexéu;14093.0;11611.0;-2482.0
RO;Governador Jorge Teixeira;10512.0;8001.0;-2511.0
SP;Santo Anastácio;20475.0;17963.0;-2512.0
AL;São Miguel dos Campos;54502.0;51990.0;-2512.0
RS;Cacequi;13676.0;11157.0;-2519.0
SP;São Vicente;332445.0;329911.0;-2534.0
RO;Theobroma;10649.0;8113.0;-2536.0
MA;Estreito;35835.0;33294.0;-2541.0
RO;Monte Negro;14091.0;11548.0;-2543.0
TO;Babaçulândia;10424.0;7880.0;-2544.0
PR;Assaí;16354.0;13797.0;-2557.0
PR;Porecatu;14189.0;11624.0;-2565.0
RO;Novo Horizonte do Oeste;10240.0;7667.0;-2573.0
RS;São Sepé;23798.0;21219.0;-2579.0
CE;Santa Quitéria;42763.0;40183.0;-2580.0
RS;Pelotas;328275.0;325685.0;-2590.0
BA;Ibicaraí;24272.0;21665.0;-2607.0
PR;General Carneiro;13669.0;11062.0;-2607.0
MG;Ladainha;16994.0;14383.0;-2611.0
BA;Cachoeira;31865.0;29250.0;-2615.0
SP;Pontal;40244.0;37607.0;-2637.0
RO;Mirante da Serra;11878.0;9235.0;-2643.0
ES;Pancas;21548.0;18893.0;-2655.0
MA;Peri Mirim;13787.0;11108.0;-2679.0
PE;Sirinhaém;40296.0;37596.0;-2700.0
AL;Flexeiras;12325.0;9618.0;-2707.0
SP;Presidente Venceslau;37910.0;35201.0;-2709.0
CE;Icó;65357.0;62642.0;-2715.0
AL;Inhapi;17886.0;15167.0;-2719.0
BA;Guaratinga;21808.0;19049.0;-2759.0
PA;Aurora do Pará;26546.0;23774.0;-2772.0
MA;Araguanã;13973.0;11181.0;-2792.0
MG;Caraí;22343.0;19548.0;-2795.0
BA;Gongogi;8360.0;5555.0;-2805.0
MA;Penalva;35320.0;32511.0;-2809.0
MA;Tuntum;39111.0;36251.0;-2860.0
BA;Antas;17072.0;14206.0;-2866.0
PE;Maraial;12230.0;9359.0;-2871.0
MA;Poção de Pedras;20034.0;17161.0;-2873.0
AL;Mata Grande;24719.0;21844.0;-2875.0
BA;Catu;51028.0;48148.0;-2880.0
MG;Francisco Badaró;10248.0;7366.0;-2882.0
RO;Ouro Preto do Oeste;37928.0;35044.0;-2884.0
RO;Alta Floresta D'Oeste;24392.0;21494.0;-2898.0
SE;Laranjeiras;26902.0;23975.0;-2927.0
RO;Colorado do Oeste;18591.0;15663.0;-2928.0
MG;Água Boa;15521.0;12589.0;-2932.0
MA;Monção;30685.0;27751.0;-2934.0
MA;Centro Novo do Maranhão;19203.0;16267.0;-2936.0
RS;Rio Pardo;37591.0;34654.0;-2937.0
RO;Presidente Médici;22319.0;19327.0;-2992.0
BA;Encruzilhada;22108.0;19107.0;-3001.0
MT;Guiratinga;13970.0;10966.0;-3004.0
MG;Buritizeiro;26922.0;23910.0;-3012.0
AL;União dos Palmares;62326.0;59280.0;-3046.0
PE;Panelas;26037.0;22991.0;-3046.0
BA;Caatiba;9252.0;6205.0;-3047.0
MA;Alcântara;21521.0;18467.0;-3054.0
RS;Rosário do Sul;39700.0;36630.0;-3070.0
BA;Ipirá;59970.0;56876.0;-3094.0
AL;Teotônio Vilela;41152.0;38053.0;-3099.0
BA;Ubaitaba;20711.0;17596.0;-3115.0
SP;Guarujá;290752.0;287634.0;-3118.0
BA;São Félix;14230.0;11026.0;-3204.0
MA;Satubinha;11990.0;8784.0;-3206.0
BA;Itororó;19914.0;16617.0;-3297.0
PE;Sanharó;21955.0;18624.0;-3331.0
AL;Anadia;17318.0;13966.0;-3352.0
MA;São João do Carú;15668.0;12251.0;-3417.0
BA;Umburanas;17089.0;13642.0;-3447.0
MA;Araioses;42505.0;39052.0;-3453.0
BA;Simões Filho;118047.0;114559.0;-3488.0
MG;Cataguases;69757.0;66261.0;-3496.0
SP;Itararé;47934.0;44438.0;-3496.0
BA;Camamu;33972.0;30469.0;-3503.0
BA;Buerarema;18377.0;14804.0;-3573.0
RS;Canguçu;53259.0;49680.0;-3579.0
CE;Caridade;19956.0;16377.0;-3579.0
PE;Salgadinho;9312.0;5727.0;-3585.0
PA;Eldorado do Carajás;31786.0;28192.0;-3594.0
PE;Escada;63489.0;59891.0;-3598.0
BA;Piripá;12757.0;9152.0;-3605.0
BA;Coaraci;20964.0;17333.0;-3631.0
MG;Além Paraíba;34349.0;30717.0;-3632.0
AM;Nova Olinda do Norte;30696.0;27062.0;-3634.0
PE;Amaraji;21890.0;18205.0;-3685.0
BA;Macaúbas;45569.0;41859.0;-3710.0
RJ;Valença;71822.0;68088.0;-3734.0
RO;Alvorada D'Oeste;16853.0;13117.0;-3736.0
MG;Novo Cruzeiro;30725.0;26975.0;-3750.0
RS;Cachoeira do Sul;83827.0;80070.0;-3757.0
ES;Cachoeiro de Itapemirim;189546.0;185786.0;-3760.0
MA;Codó;118038.0;114275.0;-3763.0
BA;Ipiaú;44485.0;40706.0;-3779.0
MA;Magalhães de Almeida;17587.0;13807.0;-3780.0
BA;Ilhéus;182438.0;178649.0;-3789.0
PE;São Bento do Una;53242.0;49449.0;-3793.0
RO;Campo Novo de Rondônia;12665.0;8844.0;-3821.0
MG;Santos Dumont;46284.0;42406.0;-3878.0
RO;Ministro Andreazza;10352.0;6466.0;-3886.0
BA;Itamaraju;63513.0;59605.0;-3908.0
RS;Cruz Alta;62821.0;58913.0;-3908.0
MT;Cotriguaçu;14983.0;11011.0;-3972.0
AM;Santa Isabel do Rio Negro;18146.0;14164.0;-3982.0
GO;Minaçu;31150.0;27075.0;-4075.0
AL;Cajueiro;20106.0;16024.0;-4082.0
RO;Nova Brasilândia D'Oeste;19874.0;15679.0;-4195.0
AL;Colônia Leopoldina;20019.0;15816.0;-4203.0
AM;Careiro da Várzea;23930.0;19637.0;-4293.0
BA;Olindina;26942.0;22633.0;-4309.0
PA;Rurópolis;40087.0;35769.0;-4318.0
PE;Vicência;30732.0;26359.0;-4373.0
RO;Buritis;32383.0;27992.0;-4391.0
BA;Iguaí;25928.0;21491.0;-4437.0
BA;Novo Triunfo;15105.0;10660.0;-4445.0
RS;Esteio;80755.0;76137.0;-4618.0
CE;Mombaça;42375.0;37735.0;-4640.0
BA;Piritiba;22237.0;17566.0;-4671.0
AL;Boca da Mata;25916.0;21187.0;-4729.0
BA;Ituberá;26691.0;21902.0;-4789.0
MA;Nova Olinda do Maranhão;19134.0;14314.0;-4820.0
AP;Laranjal do Jari;39942.0;35114.0;-4828.0
MG;Chapada do Norte;15189.0;10337.0;-4852.0
PE;Palmares;59526.0;54584.0;-4942.0
BA;Jaguaquara;50907.0;45964.0;-4943.0
BA;Una;23089.0;18131.0;-4958.0
MA;Coelho Neto;46750.0;41658.0;-5092.0
RS;Alegrete;77653.0;72409.0;-5244.0
PA;Placas;23934.0;18668.0;-5266.0
RS;Rio Grande;197228.0;191900.0;-5328.0
MA;Alto Alegre do Pindaré;31052.0;25710.0;-5342.0
AM;Coari;75965.0;70616.0;-5349.0
PA;Ulianópolis;43341.0;37972.0;-5369.0
AL;Joaquim Gomes;22575.0;17150.0;-5425.0
AM;Parintins;102033.0;96372.0;-5661.0
PE;Catende;37820.0;32156.0;-5664.0
AM;Manaquiri;22801.0;17107.0;-5694.0
MG;Nanuque;40834.0;35038.0;-5796.0
RJ;Niterói;487562.0;481749.0;-5813.0
PA;Tucuruí;97128.0;91306.0;-5822.0
RJ;Paracambi;47281.0;41375.0;-5906.0
MA;Bom Jardim;39049.0;33100.0;-5949.0
MA;Arame;31471.0;25517.0;-5954.0
MA;Vargem Grande;49412.0;43261.0;-6151.0
SP;Cubatão;118720.0;112476.0;-6244.0
PE;Quipapá;24186.0;17928.0;-6258.0
CE;Acopiara;51271.0;44962.0;-6309.0
MG;Minas Novas;30794.0;24405.0;-6389.0
MG;Governador Valadares;263689.0;257171.0;-6518.0
PE;Água Preta;33095.0;26461.0;-6634.0
PA;Breu Branco;52493.0;45712.0;-6781.0
BA;Maragogipe;42661.0;35859.0;-6802.0
PA;Tailândia;79297.0;72493.0;-6804.0
AL;Atalaia;44326.0;37512.0;-6814.0
PA;Cachoeira do Piriá;26484.0;19630.0;-6854.0
AM;Barcelos;25718.0;18834.0;-6884.0
PA;Água Azul do Norte;25057.0;18080.0;-6977.0
RJ;Barra Mansa;176947.0;169894.0;-7053.0
BA;Mundo Novo;24368.0;17305.0;-7063.0
GO;Niquelândia;42361.0;34964.0;-7397.0
MS;Corumbá;103675.0;96268.0;-7407.0
PA;Goianésia do Pará;33864.0;26362.0;-7502.0
PE;Timbaúba;53825.0;46147.0;-7678.0
MA;Zé Doca;48490.0;40801.0;-7689.0
BA;Ubatã;24272.0;16094.0;-8178.0
RS;Uruguaiana;125435.0;117210.0;-8225.0
RS;Alvorada;195673.0;187315.0;-8358.0
CE;Catarina;18705.0;10243.0;-8462.0
BA;Camacan;31173.0;22579.0;-8594.0
CE;Maranguape;114005.0;105093.0;-8912.0
BA;Candeias;81634.0;72382.0;-9252.0
PB;Bayeux;92350.0;82742.0;-9608.0
PE;Gameleira;27912.0;18214.0;-9698.0
MA;Buriticupu;65237.0;55499.0;-9738.0
RJ;Nilópolis;157425.0;146774.0;-10651.0
PE;Ribeirão;44497.0;33507.0;-10990.0
RS;Novo Hamburgo;238940.0;227646.0;-11294.0
MA;Santa Luzia;69184.0;57635.0;-11549.0
MG;Ipatinga;239468.0;227731.0;-11737.0
PA;Jacundá;51360.0;37707.0;-13653.0
RS;Viamão;239384.0;224112.0;-15272.0
RJ;Petrópolis;295774.0;278881.0;-16893.0
PA;Ipixuna do Pará;47881.0;30329.0;-17552.0
RJ;São João de Meriti;458673.0;440962.0;-17711.0
BA;Itabuna;204478.0;186708.0;-17770.0
AL;Campo Alegre;51121.0;32106.0;-19015.0
PA;Santana do Araguaia;56153.0;32413.0;-23740.0
PA;São Félix do Xingu;91340.0;65418.0;-25922.0
PE;Olinda;377779.0;349976.0;-27803.0
CE;Fortaleza;2459712.0;2428708.0;-31004.0
RJ;Duque de Caxias;855088.0;808161.0;-46927.0
PE;Recife;1537704.0;1488920.0;-48784.0
RN;Natal;803739.0;751300.0;-52439.0
MG;Belo Horizonte;2375609.0;2315560.0;-60049.0
RS;Porto Alegre;1409351.0;1332845.0;-76506.0
PA;Belém;1393399.0;1303403.0;-89996.0
RJ;São Gonçalo;999728.0;896744.0;-102984.0
RJ;Rio de Janeiro;6320446.0;6211223.0;-109223.0
BA;Salvador;2675656.0;2417678.0;-257978.0
;;;;
